county_id,county_pop,county_weighted_dist
01001,54509,11.88450958408703
01003,206023,15.065360550788016
01005,25469,23.37961151753112
01007,22112,40.86862811676917
01009,57144,23.713991972175556
01011,10333,53.52882483789799
01013,19869,16.524628564900095
01015,113469,14.145632264318886
01017,33558,33.84689797014125
01019,25572,35.867407543719686
01021,43484,17.285534282747676
01023,12958,54.95214384264548
01025,24214,21.93178228933675
01027,13272,36.08804431283906
01029,14868,32.76274642002959
01031,50870,10.947671251896992
01033,53979,9.755973240778822
01035,12373,34.93901105043239
01037,10774,21.1260872731576
01039,36946,13.726680860526175
01041,13749,19.80727538097316
01043,81759,17.07054632058856
01045,48567,11.11165088864867
01047,39276,61.35322747117833
01049,70262,19.91794524141072
01051,80312,20.017563596274528
01053,36865,28.616569559772138
01055,101901,10.720339992374953
01057,16372,16.982266260444664
01059,31225,32.640565476349074
01061,26204,16.415491784803848
01063,8319,43.256231889890614
01065,14716,39.63149148566186
01067,16990,30.239460758446146
01069,103111,9.12510172763333
01071,51318,25.685646953310723
01073,651278,10.33510779283501
01075,13816,38.251331316951365
01077,91668,15.30136076887245
01079,32847,29.052791321886325
01081,157620,12.517653256211139
01083,92111,12.338516007914365
01085,10137,34.469118387294074
01087,18898,28.690561997036728
01089,353676,12.022648868851716
01091,19354,30.20144492947195
01093,29747,36.56476311278448
01095,93916,13.792378354859665
01097,409327,12.737191197030734
01099,21174,19.836301314583924
01101,224483,6.94933408200621
01103,117789,13.856880657234544
01105,9486,55.44950212312883
01107,20071,42.76388889851029
01109,32831,11.578998470744112
01111,22335,54.02457318764271
01113,57465,14.963222343878883
01115,86480,32.34046711609621
01117,208700,12.156208607930042
01119,12903,43.05880532085562
01121,79751,12.333773926533835
01123,40151,17.4010859904112
01125,203806,12.804669613897529
01127,63791,16.791184120236398
01129,16538,36.7086542060104
01131,10685,59.915090229106234
01133,23704,23.385554805728994
04001,70666,104.32840968209605
04003,124759,49.21137376521934
04005,138907,51.520911571079935
04007,52960,116.06444286540787
04009,37426,209.45957583546198
04011,9300,192.8048741380645
04012,20497,159.46778527901645
04013,4203415,8.384232635956717
04015,204536,173.8127120052118
04017,107122,84.22278899747951
04019,1007876,13.936645036709875
04021,414701,40.215946746398004
04023,45851,105.38732597897535
04025,223104,115.16639359363793
04027,204595,15.699338141811873
05001,17936,24.928820229984392
05003,20306,14.474780563675761
05005,40835,12.76655058001714
05007,255356,18.23054734950422
05009,36742,57.56393618727887
05011,10835,40.70749345371481
05013,5175,30.273042010434782
05015,27639,64.11004801910344
05017,10693,23.795733818292344
05019,22126,14.868066366265932
05021,14902,51.28468252093679
05023,24988,19.387632335641108
05025,8181,39.17982067632319
05027,23582,40.770581436646594
05029,20674,37.60165023401374
05031,104527,10.652991081940552
05033,61735,26.203765393472096
05035,48206,25.271275772186033
05037,16730,32.08490739055589
05039,7351,17.450588157393554
05041,11731,52.156180945017475
05043,18220,8.573304798408342
05045,121124,13.047698313554706
05047,17456,16.157322984818975
05049,11995,19.66073738857857
05051,97315,13.691078664645739
05053,17905,39.0138398516057
05055,44070,37.26211224837758
05057,21662,57.25850137429601
05059,33068,13.915262864037741
05061,13271,75.55521789601387
05063,36949,14.31995571509378
05065,13407,33.82377136473484
05067,17105,52.60005268535516
05069,69713,59.06713460628577
05071,25978,13.002824139464163
05073,6884,49.645736042417205
05075,16537,36.089178027272176
05077,9256,36.08139702808988
05079,13584,52.87292615164899
05081,12297,38.094496424249826
05083,21485,10.925189067535491
05085,71243,35.721891862582986
05087,15847,49.7517167420963
05089,16252,42.74278084961851
05091,43174,13.659589111316997
05093,42145,77.00873740923005
05095,7160,44.84306000642457
05097,8915,66.63035973258552
05099,8371,47.30808384494087
05101,7843,74.59764952110163
05103,23842,13.240213500922742
05105,10127,41.02438986837168
05107,18735,57.11595753797705
05109,10680,58.566165431647946
05111,23699,36.818050320984014
05113,20026,74.64215013147907
05115,62816,14.132039149118059
05117,8149,39.58918443489999
05119,388491,11.198425699213109
05121,17387,15.951161628285503
05123,26038,11.331948560450112
05125,116626,27.922902009003135
05127,10243,8.83920892111686
05129,7839,52.09351589399158
05131,125540,12.256378594224948
05133,16948,77.38052423873025
05135,16962,22.66122405535904
05137,12353,55.18461912142799
05139,39252,13.02014924829308
05141,16553,22.57607439491331
05143,224867,13.204970882921904
05145,77758,47.67553323949947
05147,6607,64.52831725715151
05149,21300,32.43501055605633
06001,1625557,5.771404470623916
06003,1138,113.8887
06005,37524,21.065033140629996
06007,225108,21.357081710516727
06009,44944,40.778822653435384
06011,21242,57.78086779008567
06013,1121917,9.428117198191131
06015,26994,131.02134153956433
06017,185014,28.74923921432432
06019,964182,15.731842925142766
06021,27501,40.30214615708519
06023,134312,217.91995367130264
06025,177168,97.73271475238192
06027,17885,310.3022732328208
06029,870602,26.36300426775151
06031,148252,18.982563488951243
06033,63551,37.102918513949426
06035,30813,133.18313472466167
06037,9982227,4.945791401636929
06039,152969,41.52009194380561
06041,257923,8.1168544329199
06043,17400,75.17694757977011
06045,86449,45.69095068642784
06047,265686,13.713940866202963
06049,8874,232.60714266892046
06051,13998,261.4694213339048
06053,427668,18.549044115998864
06055,139378,9.939385365100662
06057,98141,21.628303520475644
06059,3128984,6.019806332028224
06061,376627,12.760842485716637
06063,18619,114.3617385573876
06065,2354433,10.97316993688162
06067,1491493,7.54781506602981
06069,58449,7.295807593200911
06071,2107534,12.688038972032242
06073,3261095,8.847713145082864
06075,860841,2.946012570410796
06077,722181,6.515406275561112
06079,279210,18.27696573473371
06081,758153,6.125371206923932
06083,438786,12.722595703440856
06085,1900877,7.219504158418983
06087,270904,13.70641759760653
06089,177154,19.031727770278966
06091,2901,78.077046
06093,43120,108.45790321027363
06095,434247,7.780420356944319
06097,496731,11.024775351993332
06099,531868,13.541488539994884
06101,94582,9.950278270728047
06103,62566,53.52402027901735
06105,12741,100.19504146840909
06107,453749,25.450019463324434
06109,53660,96.76394921569138
06111,838094,8.776424207029281
06113,212721,9.16203963880858
06115,74304,13.484722418322027
08001,490348,7.376863681642425
08003,16179,204.41032746751964
08005,628698,7.669377821018995
08007,12836,155.55040647281083
08009,3535,192.30588785544555
08011,5787,162.212409
08013,318101,6.744141828183501
08014,65509,6.193871633119114
08015,18982,134.24503951885995
08017,1960,212.10102799999999
08019,9332,56.063002898414055
08021,7998,240.0019518428357
08023,3632,173.81793399339205
08025,5600,85.779655
08027,4631,84.235804
08029,30117,85.34393221502806
08031,684288,5.55541890518612
08033,1834,106.185217
08035,325692,9.175083317431808
08037,53834,75.48536953007394
08039,25006,38.81339110189554
08041,679311,11.309807593775165
08043,46628,66.63493647018959
08045,57966,43.629690428561574
08047,5817,45.149198999999996
08049,14981,128.84215152686738
08051,16354,167.14803766051116
08053,867,273.840302
08055,6565,86.60856908057882
08057,1276,170.494292
08059,564470,11.217193408556698
08061,1430,185.49787099999998
08063,7539,223.78144163151612
08065,7556,143.34571186566964
08067,54477,92.91463320907904
08069,334618,11.450038739571688
08071,14050,159.70569765622778
08073,5491,128.54094803806228
08075,21409,145.50627811504506
08077,148308,12.271066585902313
08079,814,290.029482
08081,12908,177.3105844695538
08083,25662,99.88809129650846
08085,40876,109.04616975273997
08087,27955,88.39676393174744
08089,18177,95.99406294124442
08091,4691,142.010301
08093,17310,73.61498872472559
08095,4292,147.33606992404472
08097,17754,57.45011316075251
08099,11861,141.8113743261951
08101,162989,11.63092315794317
08103,6372,109.27701838229757
08105,11285,247.66248759273373
08107,24704,157.6221339680214
08109,6387,234.99540434852045
08111,544,158.506087
08113,7885,163.80808415091948
08115,2291,127.89486399999997
08117,30165,114.49276206921928
08119,23917,17.577615019860353
08121,4803,143.44095716552155
08123,291199,12.80348568540414
08125,9913,206.4566384986382
09001,934145,6.679154210664296
09003,885634,8.51853834898841
09005,181569,23.92417717632966
09007,161754,16.735894448576232
09009,851227,8.613319569605993
09011,266544,11.858890891849
09013,150117,9.735578206925265
09015,115799,12.902853959317437
10001,172647,11.848019654694262
10003,549898,10.364280034508216
10005,217106,16.19894262466721
11001,675182,8.894511624175408
12001,260637,10.28300626632059
12003,27390,58.95543945892661
12005,180081,13.019986305001636
12007,26816,42.61275402968377
12009,571650,9.689605547392635
12011,1888071,4.884588981118824
12013,14353,61.02735589618895
12015,175798,9.066802338416819
12017,142288,16.942887183002078
12019,205518,13.0831231368104
12021,360213,15.784841265851037
12023,68193,68.37789758076342
12027,36141,40.48931319672948
12029,16294,85.3392357774641
12031,911148,9.931055575347802
12033,308183,10.6284439799048
12035,106524,12.28424108967932
12037,11678,95.78801749195067
12039,45679,16.790109755642636
12041,17590,46.60560059351904
12043,13328,59.5993240527461
12045,15953,59.26322181100734
12047,14157,57.42323751924843
12049,27024,44.64378406723653
12051,39680,66.16619965917339
12053,181018,13.122664860903333
12055,101453,18.183497072003785
12057,1363065,7.3149261296761345
12059,19244,33.35576266586988
12061,149759,13.018891132639776
12063,47968,53.433346529227826
12065,13961,40.39058954186662
12067,8633,89.09493799953667
12069,331638,11.991700886662565
12071,711922,13.230304886819065
12073,284819,9.82754475952447
12075,39667,42.949586402979804
12077,8273,67.58807350284056
12079,18381,54.345627279854206
12081,370627,9.132390874666445
12083,345540,14.976642482054178
12085,156349,10.022860908461201
12086,2685410,6.321222782054509
12087,75570,174.49953636810903
12089,79737,22.09727302327652
12091,197689,23.217772760816235
12093,40068,12.995226644629131
12095,1306250,11.623932176232728
12097,334506,10.897840953142843
12099,1432025,7.461121859198687
12101,505939,8.568098086318704
12103,949475,5.698837221657231
12105,661489,11.789208833504413
12107,72042,51.013789593889676
12109,233528,14.617327780891372
12111,302915,8.137556040757309
12113,168401,22.943643663327418
12115,409360,8.859292955440198
12117,451215,9.102516841935664
12119,120514,16.292822506820787
12121,43486,79.65099496104492
12123,21779,93.37881410588182
12125,15121,51.98260070087957
12127,522036,10.117506271929521
12129,31646,37.8664614853694
12131,65024,47.51240389466966
12133,24336,56.823905031434926
13001,18148,58.26271919054442
13003,8159,73.62675823127834
13005,11075,84.07137178654627
13007,3154,46.74393212238428
13009,44816,49.25156204400215
13011,18312,27.27325850021844
13013,75996,29.256994683575453
13015,102312,12.87041039292556
13017,16950,96.84329004153392
13019,18875,49.79451346182781
13021,151234,7.833065665247234
13023,12669,45.73343642529008
13025,18374,101.46048298508762
13027,15539,31.589387492052257
13029,35397,33.41158574133401
13031,74133,71.70870456323094
13033,22221,48.64725976261194
13035,23488,32.18673622913828
13037,6405,54.30462313224044
13039,51833,47.306148949858205
13043,10697,45.47468291287277
13045,114614,10.077713754026556
13047,65736,15.886831328054642
13049,12948,80.24172885518999
13051,283038,10.884932292939464
13053,10521,25.241762574280013
13055,24596,38.28698021906001
13057,238772,16.004809705497294
13059,123151,6.44408352964247
13061,2977,44.707440999999996
13063,274249,8.961372046344746
13065,6657,62.61804963181613
13067,735793,10.453488936513395
13069,42444,91.5684380850768
13071,44942,60.54442257645411
13073,144986,14.59977956492351
13075,16857,38.82807860675091
13077,138775,12.812253271338498
13079,12166,38.12838151076771
13081,22660,62.27551142625772
13083,16040,35.30167697630923
13085,23694,36.76203793825441
13087,26546,44.074571639606724
13089,734063,9.801621709148941
13091,20767,45.721385784562045
13093,13807,74.27268686130223
13095,89660,8.342634649018514
13097,140048,18.0163747863304
13099,10276,53.038446932950556
13101,3983,36.8652515864926
13103,57628,40.49586306170611
13105,19058,33.38039650865778
13107,22109,50.05990039056492
13109,10628,49.99102582122695
13111,24679,86.89504770910492
13113,110633,11.46797509884031
13115,95766,10.131507147202557
13117,217491,13.875662655971972
13119,22270,44.067637538033225
13121,1009519,9.02777195218515
13123,29602,59.18333995648942
13125,3001,65.07945
13127,82897,98.2813510553096
13129,56128,34.72565102070268
13131,24651,53.09775104758428
13133,16857,58.29523244563089
13135,891437,14.464189747962
13137,43834,11.29852484356892
13139,193658,13.994654338979023
13141,8525,84.90942112903227
13143,28734,13.360685193464187
13145,33349,29.22987035215449
13147,25328,42.60588224147189
13149,11511,34.042092609330204
13151,219456,13.981298652969162
13153,149459,33.261312891522095
13155,9193,87.13385311922116
13157,65170,26.245713084256558
13159,13667,51.43805292134338
13161,14699,53.89907122913124
13163,15472,62.33399053761634
13165,8667,75.05151169655014
13167,9653,37.84868869584585
13169,28213,18.87600780980399
13171,18291,25.066294743152373
13173,10227,33.26458175036667
13175,46871,13.57594052296729
13177,29040,16.198243462465566
13179,60718,53.495346219687725
13181,7733,51.932325910642696
13183,17908,73.1963750154121
13185,113110,9.75081320686942
13187,31684,41.881435756028274
13189,21286,40.21066298712769
13191,13967,76.19799398725567
13193,13388,76.81623564266508
13195,28513,24.49751675737383
13197,8430,54.7074300455516
13199,20936,42.1378541725258
13201,5779,66.42061097317875
13205,22283,45.71842411672575
13207,26742,30.268296263181508
13209,8932,22.19574270017913
13211,18161,46.167061673641314
13213,39044,25.67252638021207
13215,193758,8.70984612571868
13217,105187,20.907316755502105
13219,36521,15.826195602749104
13221,14598,16.682430544732156
13223,154100,20.95277586168722
13225,26846,36.50121512128436
13227,30596,37.26996858389986
13229,18857,110.42516226700961
13231,17947,22.194108956650133
13233,41050,32.07715507295981
13235,11232,64.3231832304131
13237,21314,66.83001308412312
13239,2236,15.331512
13241,16299,36.91008203693478
13243,6983,49.93400662022054
13245,198485,10.772247229508528
13247,88006,8.795283648694408
13249,5176,77.82581914799073
13251,13798,75.72161597666329
13253,8358,61.91659001782724
13255,63889,8.15598621216485
13257,25455,29.062640142643883
13259,6037,46.28218727662747
13261,30006,58.385630630407256
13263,6349,52.038376661994015
13265,1648,59.516344999999994
13267,25152,43.38213306715172
13269,8157,69.46643714208655
13271,15909,65.87737081809038
13273,8768,37.8818605634124
13275,44128,55.67762914179206
13277,39731,68.05851001575596
13279,26675,11.219291429915652
13281,11233,62.43547132787323
13283,6672,31.946845598770985
13285,68795,47.210874967977325
13287,7929,57.20297483932399
13289,8210,34.39607537295981
13291,22586,73.69574252691935
13293,25936,43.12106141047193
13295,68017,26.913633675654616
13297,89013,26.793836029636118
13299,35213,99.9163628150967
13301,5292,59.96678942176871
13303,20187,58.76564361826918
13305,29400,94.65422299918367
13307,2600,68.42523958423077
13309,7907,43.40851932123435
13311,28568,27.65955415986419
13313,102398,10.669166691380692
13315,8814,85.2295236226458
13317,9772,47.6319508674785
13319,8980,37.942433210244985
13321,20402,34.101207681942945
16001,442005,8.844361964810354
16003,3978,165.73328572021117
16005,83763,83.72419726959396
16007,5882,112.90938096140769
16009,9014,90.64118255868648
16011,44855,51.228078049292165
16013,21761,140.91694212407518
16015,7121,81.479648
16017,42357,27.722984894090704
16019,110644,9.85459967653917
16021,11443,36.789533234116924
16023,2584,133.506439
16025,877,131.603253
16027,209321,7.651062269041329
16029,6804,114.12214090343916
16031,23271,20.004025010399207
16033,1048,91.381569
16035,8586,101.89513728441649
16037,4105,281.132698
16039,26068,79.11405100728864
16041,13130,46.39785381035796
16043,12881,31.999913799549727
16045,16868,49.44228853313967
16047,15041,57.76814478605146
16049,16192,146.85901236363634
16051,27552,29.09714312416521
16053,22907,23.784559541188283
16055,152186,37.90059700574954
16057,38902,29.532738899054035
16059,7718,250.60941767647063
16061,3819,79.11994127939252
16063,5267,64.684349
16065,37635,8.95148159713033
16067,20317,20.768536875522962
16069,39584,16.881384974964632
16071,4249,73.972461
16073,11334,67.97694766040233
16075,22687,43.29368495728831
16077,7556,108.1076760878772
16079,12347,118.11950800105289
16081,10887,14.252717999999998
16083,82142,11.60563740658859
16085,10162,193.39462411552844
16087,9902,97.68762300605938
17001,65627,11.535015566839869
17003,6452,37.11613999023559
17005,16605,8.575719796446856
17007,53053,17.741575152941397
17009,6578,25.564011167072056
17011,33008,12.359293907840524
17013,4833,45.74271123463688
17015,14414,41.74501854689884
17017,12554,24.792191155249323
17019,207189,9.886286204253123
17021,33049,9.491390830009985
17023,15663,36.20383807105918
17025,13189,8.256668725225566
17027,37223,15.878209112537945
17029,51152,12.108831823584609
17031,5160114,4.360521901227765
17033,18882,9.502985976167778
17035,10734,30.564210120365196
17037,103223,10.039661717185124
17039,15893,9.640237145409927
17041,19388,38.39673446802146
17043,921820,6.309385591765203
17045,17288,10.781833928505323
17047,6420,29.735463900623056
17049,33808,13.180749284666351
17051,21440,16.69047532168843
17053,13273,18.86056320018082
17055,38783,12.845740002269038
17057,35199,13.502444631665675
17059,5112,24.872652678403753
17061,13043,17.65286803488461
17063,49935,13.838648280064081
17065,8129,7.961152081559847
17067,17967,19.788310895530692
17069,3976,43.15524947837022
17071,6827,35.481150968067965
17073,48957,11.230796993136831
17075,27905,19.765025790216807
17077,57887,8.606665054381814
17079,9471,32.57760971903706
17081,37631,11.761958640030826
17083,21941,12.733159384759126
17085,21692,21.17237528379126
17087,12439,33.8132278472546
17089,524186,7.300958460931806
17091,109843,11.151107726282055
17093,123007,11.641100158852748
17095,50507,9.559438526323083
17097,695756,10.38688170113948
17099,109278,13.560792843408553
17101,16015,9.268109418669999
17103,34143,14.837651885715958
17105,35937,17.344077908979607
17107,28899,10.42462331987266
17109,30620,10.508014806629653
17111,304903,13.008022117335676
17113,171228,8.068677492034013
17115,105347,7.784375056831235
17117,45246,15.012773185320249
17119,262586,10.251674173009986
17121,37618,8.01640818334308
17123,11597,33.81346412322152
17125,13681,19.21195446210072
17127,14320,9.403319978631286
17129,12190,33.719616413863825
17131,15579,14.463198792220297
17133,33548,21.21873089617861
17135,28699,10.694557466044115
17137,34105,9.56512954883448
17139,14541,33.71924478818514
17141,50695,19.37167855461091
17143,181871,9.262325881426946
17145,21130,5.571485537955513
17147,16219,13.41091860638757
17149,15564,15.485063948342328
17151,4229,32.40756279144006
17153,5536,34.657816690751446
17155,5675,17.675425159295155
17157,32222,9.236351405095897
17159,15752,5.062403428580498
17161,143409,7.435125397018319
17163,260116,9.956309319511297
17165,23909,6.679903775105609
17167,195617,10.892349740549134
17169,6972,9.305968646012621
17171,4981,29.712282128287498
17173,21612,14.986393895197113
17175,5425,24.6325820353917
17177,45105,10.175149611994236
17179,132396,10.74675346360917
17181,16894,12.652395098259737
17183,77449,10.535456113958862
17185,11501,5.63091938240153
17187,17186,8.177399625974632
17189,14009,11.71793764822614
17191,16255,14.398370212796062
17193,13935,35.373128212414784
17195,55897,15.39943809376174
17197,680813,10.750947096657965
17199,66646,8.425965127599556
17201,282851,7.368475670427188
17203,38396,15.614958342822167
18001,34537,27.334523096939513
18003,364779,7.684226714638179
18005,81025,31.286646915087932
18007,8567,41.578766520835764
18009,11949,32.38622444263118
18011,63486,22.21158819936679
18013,14902,32.97187851536706
18015,19795,33.80562128370801
18017,37702,25.70733469012254
18019,114221,16.21644538315196
18021,26014,28.46748623902514
18023,31816,30.143980770681413
18025,10446,59.7045099188206
18027,32417,42.38436756874479
18029,49170,24.55920653205206
18031,26432,27.702504546837165
18033,42366,26.18447896178539
18035,114449,8.074568579734205
18037,41832,69.28269782491871
18039,200525,13.943450572372521
18041,22980,41.30826129129678
18043,75918,8.123330047788405
18045,16314,42.62663801544685
18047,22595,21.94450285120602
18049,19994,34.605250803341
18051,33167,25.15209327515301
18053,66400,41.84861398073796
18055,31970,44.897847090616196
18057,312657,13.074022474891017
18059,73120,23.235453678583152
18061,39299,34.93539305486144
18063,159099,10.009454395125047
18065,48050,33.041053261664935
18067,81663,6.101388614452078
18069,35826,32.07123167093731
18071,43332,11.565253662420384
18073,33010,48.24874482244775
18075,20736,39.5744696450135
18077,31646,57.08215238510396
18079,27458,27.010459122368708
18081,149929,8.22069376498209
18083,36987,12.772364560872742
18085,77622,13.79449565873077
18087,38428,48.238932644139695
18089,480708,6.657740495142582
18091,109321,10.351418978906157
18093,44960,41.95875297942616
18095,128021,10.354095255005037
18097,932176,6.880829959258766
18099,46187,13.433295011171975
18101,10116,66.52598833274023
18103,35556,10.632190111964224
18105,144029,7.012267264245396
18107,37796,45.34515578463329
18109,69071,17.446095114737012
18111,13846,38.94104615506284
18113,46793,38.49970704186523
18115,5838,53.029858233812945
18117,19307,67.2575769075465
18119,20717,37.19917446826277
18121,16847,39.38063923606577
18123,18912,54.995658964308376
18125,12247,45.79939538099126
18127,166551,12.377243201806055
18129,25307,29.84450580902517
18131,12547,57.474943523949946
18133,37247,37.68011874542916
18135,24696,34.46987024809685
18137,28101,21.599119664673854
18139,16532,47.968115797967585
18141,265645,7.495740972662764
18143,23524,38.49173958327665
18145,43904,29.05760519872904
18147,20328,35.9624119287682
18149,22643,33.38749423742437
18151,34075,56.2491388662069
18153,20598,35.31347679536848
18155,10531,76.48630043148799
18157,186830,10.294157138505593
18159,15025,21.78494035906822
18161,7094,27.160707777699464
18163,179433,6.865244856626151
18165,15410,25.26138748760545
18167,106534,7.687302481855559
18169,31344,28.665465578037264
18171,8202,35.51920984930505
18173,61521,13.180795695616133
18175,27498,43.71515450003637
18177,66040,11.22018372551484
18179,27595,9.9170337948179
18181,23974,45.471854168390756
18183,33188,27.88759782797999
19001,7100,90.3365442484507
19003,3690,83.73020988888891
19005,13719,79.47749886551497
19007,12389,79.36086054596821
19009,5584,106.81616863628224
19011,25339,38.97562519097044
19013,131281,10.060260782839862
19015,26145,29.763452735131
19017,24558,33.39493391872302
19019,20873,43.213726891582425
19021,20040,98.53788687255489
19023,14574,49.396830394057915
19025,9667,43.746956690493434
19027,20167,97.71268841513363
19029,13009,80.09893395441617
19031,18250,39.32017672312329
19033,42508,9.041934854474453
19035,11296,85.42738073911117
19037,11920,61.343778821140944
19039,9129,70.57043526070763
19041,16065,139.41121376601308
19043,17532,81.97757932837098
19045,46712,45.181940073492896
19047,16980,102.06682474858655
19049,82671,28.644177252289193
19051,8705,73.77230937759907
19053,7966,63.33521922771781
19055,17093,64.28970060814369
19057,39177,54.129331375934854
19059,16857,140.10433035801148
19061,95670,10.25781173147277
19063,9463,130.29984276307727
19065,19598,69.8811052448209
19067,15677,45.707814768131655
19069,10184,51.224610038982725
19071,6881,65.69278249745678
19073,8935,62.5518421037493
19075,12202,46.23948756212095
19077,10625,77.58602809590587
19079,14946,36.67797117221999
19081,10812,42.89931041370699
19083,16906,70.7248546136283
19085,13998,50.538292282397485
19087,19690,80.2866208524124
19089,9101,90.45889349752774
19091,9445,33.47462191445209
19093,6848,81.88310619231892
19095,16103,46.81310387288083
19097,19123,48.69178872933117
19099,36518,50.424016878169674
19101,17877,92.57080139038989
19103,144889,8.563893742257866
19105,20377,48.944102161751
19107,10100,79.83570431663367
19109,14882,77.36232501431259
19111,34028,43.50775600335018
19113,219738,10.019125328204499
19115,11078,69.92546412511284
19117,8497,83.71800425291279
19119,11595,51.2970556348426
19121,15743,50.30171001238646
19123,22019,96.18933461637677
19125,32803,63.25448745465354
19127,39750,61.07956345406289
19129,14837,31.24279026730471
19131,10529,51.74213243812328
19133,8701,65.51120211814735
19135,7724,105.7952171988607
19137,10032,75.36427975398723
19139,42412,45.127942125671986
19141,13661,99.41047648027231
19143,6028,95.41078489482415
19145,15211,69.67546062934719
19147,8941,104.1800147630019
19149,24749,37.17128999818175
19151,6835,67.17726576883688
19153,467583,10.971806063618653
19155,92460,11.696090060793855
19157,18478,83.06911988337481
19159,4916,58.41721396541903
19161,9733,80.15276547344087
19163,170038,7.371387934020631
19165,11575,70.31152330539956
19167,34303,70.99322017380403
19169,96040,9.042329906445229
19171,16848,64.75416994023028
19173,6155,59.38551907408612
19175,12263,95.93513149710512
19177,7166,99.32898466243371
19179,34896,102.6889267241231
19181,48762,26.812023379844955
19183,21793,43.67126712994999
19185,6320,95.13765239018987
19187,36310,9.789568540071606
19189,10431,56.06172719250311
19191,20230,91.34966815773605
19193,100990,9.177992957629469
19195,7392,32.496481435064936
19197,12635,56.648797357419866
20001,12484,125.08271063056714
20003,7779,83.04108496194884
20005,16129,48.234917777419554
20007,4685,128.21159565528282
20009,26474,92.08693671738308
20011,14442,72.32314001620273
20013,9544,73.03965490989103
20015,65819,36.94495047683799
20017,2623,112.58066799999999
20019,3337,121.04117399999998
20021,20156,28.745809592974794
20023,2654,126.687274
20025,2037,112.77371799999999
20027,8075,92.77237858142415
20029,8921,83.33764728595447
20031,8191,103.84084840397998
20033,1778,96.220046
20035,35137,54.43138545228677
20037,38560,56.09013228008298
20039,2849,143.0899379017199
20041,18792,49.19115589814815
20043,7624,34.36408430167891
20045,118012,8.90100861036166
20047,2911,113.67512012023359
20049,2548,114.02026699999999
20051,28619,7.779868396135434
20053,6242,68.59818249823775
20055,36290,7.00752600537338
20057,33959,85.48701000350424
20059,25305,47.705316274214574
20061,34046,79.05381706582273
20063,2582,105.68809427807902
20065,2506,95.47387797924979
20067,7585,83.22617028477258
20069,5952,52.09588190524193
20071,1196,113.81402499999999
20073,6103,104.68544197951825
20075,2580,85.43697399999999
20077,5617,91.62148755705893
20079,34110,42.26175693195544
20081,3970,48.960314000000004
20083,1835,90.201525
20085,13137,51.1927062913146
20087,18626,33.3521354139375
20089,2864,105.57379074755586
20091,578804,6.985693538137262
20093,3881,43.467739
20095,7383,67.03743457862656
20097,2510,135.864303
20099,20053,86.03580548671022
20101,1595,84.501997
20103,79095,12.100095056994753
20105,3067,71.73226600000001
20107,9548,80.15198568181819
20109,2771,127.69881500000001
20111,32907,91.79608588099796
20113,28383,41.9764011876123
20115,11930,79.33975256965633
20117,9669,118.84280605626228
20119,4207,113.17860428618967
20121,32682,38.19803191013402
20123,6099,101.36090865027053
20125,32552,114.67327029276235
20127,5518,97.71521009206234
20129,2830,154.24553999999998
20131,9979,106.06600333430204
20133,15853,132.29391114848923
20135,2895,99.30896434645942
20137,5449,143.64929899999998
20139,15700,47.52141465165605
20141,3561,94.13143999999998
20143,5868,45.71631672903886
20145,6683,91.11990661200059
20147,5328,107.8917784801051
20149,23253,70.65602102296478
20151,9487,100.10351593559608
20153,2461,164.937972
20155,62433,10.21750061310525
20157,4641,119.59666406227107
20159,9644,50.52566697791373
20161,74348,90.9719321835288
20163,5062,52.888671813512445
20165,3065,44.05696687438825
20167,6903,46.45787005345502
20169,54027,4.960728495437467
20171,4886,58.54683000000001
20173,505013,11.340329086704699
20175,22291,106.84196394455162
20177,176290,9.602837746622043
20179,2455,143.82701482851326
20181,5899,138.3596361764706
20183,3638,118.43886677872457
20185,4175,80.4593162617964
20187,2057,118.65989499999999
20189,5679,116.30176647737277
20191,22895,53.43853672605373
20193,7732,174.69428146456286
20195,2858,53.687343
20197,6837,54.24641973277753
20199,1560,130.02138200000002
20201,5470,128.96532037294332
20203,2113,97.332063
20205,8651,140.33977045393598
20207,3130,143.5729875399361
20209,161697,7.243560871729222
21001,19124,62.437160759307666
21003,20572,36.52189502785339
21005,21858,20.56824515403971
21007,8002,35.75018138165459
21009,42878,13.096544306497504
21011,12084,26.149797998096656
21013,26812,18.775999408846786
21015,127851,11.13001566131669
21017,19868,29.494069330330184
21019,47621,9.6223623828983
21021,29689,9.396101121122303
21023,8211,70.51162888430154
21025,12937,86.45867882291103
21027,19762,56.74095893588705
21029,78712,29.24794330459142
21031,12616,45.8713383137286
21033,12580,79.3108682717011
21035,38445,39.53017606840941
21037,91297,10.228537779631313
21039,4808,35.176654150374375
21041,10506,69.83906056643822
21043,26950,49.1160799167347
21045,15680,41.78058641613521
21047,71120,73.5985354795838
21049,35501,26.29998208157517
21051,20232,84.59354510483394
21053,10106,78.35677503918464
21055,9035,75.39421112197012
21057,6609,64.22932732834015
21059,98538,11.812676660679129
21061,12024,37.05911394020293
21063,7439,69.14694634749294
21065,14118,51.92364984792463
21067,314788,6.603719308645818
21069,14323,52.586072219297634
21071,36526,23.188550026693314
21073,49782,10.873306741754048
21075,6127,59.95744307181329
21077,8580,44.570702364335666
21079,17123,23.707217881212404
21081,24591,43.422781062299215
21083,36836,13.648246877972635
21085,25798,53.80805816055509
21087,10883,52.04035177083525
21089,35467,23.945691329066456
21091,8602,32.55009659335038
21093,106807,14.426689221595964
21095,26872,21.205337378460854
21097,18452,42.13599341366789
21099,18432,36.62236412689887
21101,45687,26.795133521702017
21103,15651,48.31257460309246
21105,4499,39.197584
21107,45125,82.26505719434904
21109,13148,82.46647310047156
21111,757300,10.675520591036577
21113,51774,19.335343207130993
21115,22591,19.944155447169226
21117,162250,8.780524580838211
21119,15364,42.256603403801094
21121,31166,55.515094143297176
21123,13959,26.324101271652694
21125,59629,60.07751473365309
21127,15581,19.201258342660935
21129,6672,79.3255783666067
21131,10284,57.82117268300272
21133,22446,15.989276977679763
21135,13305,74.11020009229614
21137,24188,25.56144007685629
21139,9242,38.89311881908678
21141,26669,42.40495472263676
21143,8150,58.91316235484663
21145,64388,8.764224416133441
21147,17426,52.86879147515207
21149,9214,42.356663839591924
21151,88490,44.93940397270878
21153,12451,44.2551992501807
21155,19107,51.34921481038363
21157,30991,33.32717516833919
21159,11773,32.70505398759874
21161,17014,63.41283581679793
21163,28013,38.47255884628566
21165,6308,40.5300942301839
21167,21280,11.31861470944549
21169,9879,31.351810275129058
21171,10527,46.66058085446946
21173,27436,10.282241351399621
21175,13195,65.5486344668435
21177,30692,68.8805996629089
21179,44867,44.457314920609804
21181,6996,34.48036931660949
21183,23794,50.087160029965546
21185,64679,28.086353275127934
21187,10625,52.59953442927059
21189,4417,95.48678879465699
21191,14308,54.19736073504333
21193,26624,58.83635371319111
21195,59962,28.425578985457456
21197,12217,35.60298628853237
21199,63420,13.747461713308102
21201,2120,67.993431
21203,16689,49.53207635352628
21205,24159,53.99222573562647
21207,17616,51.23632436211398
21209,52928,10.734087388697855
21211,46317,33.45979237346978
21213,17800,33.27363034533708
21215,18061,38.95675911228614
21217,25243,68.45888789561462
21219,12136,54.13431520237311
21221,14194,86.19241586318164
21223,8548,67.30242103509593
21225,14639,52.786949263815835
21227,124722,8.50627085697792
21229,11951,39.75962085231361
21231,20367,46.980657383708945
21233,12998,63.1890093618249
21235,35592,60.47747403514834
21237,7174,67.60317532325064
21239,25809,20.248641349296758
22001,61588,14.846421336153146
22003,25354,53.839005986629324
22005,119572,11.831032194945307
22007,22483,26.58525678290264
22009,40442,19.44894243133376
22011,36397,45.21198189295821
22013,13560,35.27612720250738
22015,124450,13.914186572808358
22017,245242,9.978387624354717
22019,197461,10.35870548496665
22021,9945,34.74420968084464
22023,6816,65.63091047153756
22025,9806,60.2569492443402
22027,16004,38.08076347975506
22029,19787,24.876335542982766
22031,26954,34.87745275087186
22033,438734,9.580643959829873
22035,7142,66.03227087426491
22037,19279,25.771726896467662
22039,33196,17.17171561977347
22041,20097,64.66855759466587
22043,22155,28.27293206413902
22045,71506,12.191325821063966
22047,32773,34.1845994694108
22049,15845,13.568642502619124
22051,430053,5.79059052271464
22053,31178,14.57982952129707
22055,236763,7.03678887376406
22057,96993,12.03257069551411
22059,14648,28.37703286004915
22061,46648,35.423256046261365
22063,136182,21.46712699623298
22065,11279,44.76668008972426
22067,25897,12.266199755879061
22069,38411,16.945870117518417
22071,385075,4.876805476439654
22073,153862,10.387846065467757
22075,23168,46.48969294039191
22077,21992,12.649543654829031
22079,129813,15.353544112192155
22081,8474,7.467164008732594
22083,20338,42.53915455703609
22085,23773,22.99137791162243
22087,45194,7.226983624264283
22089,52266,12.153380542723761
22091,10353,27.610412232106636
22093,21138,12.698872236020435
22095,43012,22.481713917348646
22097,82604,16.74048064459348
22099,53059,14.212309735275825
22101,51008,26.433804367334535
22103,249230,10.955032002034265
22105,129020,13.035643776802047
22107,4549,71.48115043504066
22109,111284,14.992524896094677
22111,22252,18.18028814178501
22113,59004,11.366339403701447
22115,50161,18.476196575825842
22117,45990,12.680237362861492
22119,39042,11.362428360893398
22121,25462,23.295659241025845
22123,11083,50.3884750768745
22125,15232,19.483691376706933
22127,14400,11.17207994
23001,106172,11.426652440831857
23003,67620,243.81471344853594
23005,288504,15.183883478738595
23007,29823,76.74277462860879
23009,53866,56.48450153427023
23011,120216,55.41113158356625
23013,39424,19.623911621474228
23015,33810,39.44575372874889
23017,56829,56.36774862909782
23019,150354,30.692796818362
23021,16752,78.57298933476599
23023,34960,17.60189453492563
23025,50324,87.28922410891423
23027,39113,37.70327820957227
23029,31442,134.1745522236499
23031,200957,28.52222458030823
24001,71362,14.970488450407782
24003,561262,11.055867518579559
24005,818759,7.883967356057155
24009,90393,17.745014567057183
24011,32595,27.521100399140973
24013,165956,14.685980447721082
24015,101652,12.621963140046434
24017,155397,15.694506084692753
24019,31853,30.603492646155782
24021,245551,12.608002637708667
24023,29152,19.753077013652582
24025,247985,10.927076353343951
24027,312017,10.410850529868565
24029,19444,68.53651425159431
24031,1028022,6.067583883419811
24033,894994,9.442808547887472
24035,48804,33.791134697688705
24037,110246,16.840305049171853
24039,25555,31.684651866327528
24041,36855,10.158272612237145
24043,148308,11.536790374787603
24045,101293,8.430874320397262
24047,51156,17.19088099208304
24510,607384,2.773965780132503
25001,212243,16.129327267066525
25003,126371,9.015111036756853
25005,553496,7.052472206530851
25007,17216,1.7659325850371745
25009,773026,5.8507018939557005
25011,70283,12.802770381913122
25013,464515,7.160890219327687
25015,160109,11.319488774653518
25017,1578218,5.706873616105633
25019,10920,9.309638837454212
25021,691261,7.234102638113534
25023,506694,11.271536554616791
25025,782750,2.8637427396397315
25027,814215,8.055143085915882
26001,10301,158.536833538006
26003,9148,79.39107332280278
26005,114033,24.708315884121262
26007,28338,149.6016836814525
26009,22978,50.64918575933502
26011,15022,62.98544176115032
26013,8450,97.34403401431953
26015,59377,41.649209972127245
26017,103834,11.840600008532851
26019,17359,41.879145449622676
26021,153133,15.289055425819384
26023,43009,63.98439740800763
26025,132832,39.280492765026494
26027,51027,27.562515647794303
26029,26002,32.64742939685409
26031,25313,55.3433254622526
26033,37330,140.77222269493708
26035,30276,103.46604329574579
26037,77035,23.10534042193808
26039,13702,91.67020201620201
26041,35906,104.49187509023561
26043,25289,126.0313142278461
26045,107881,22.74829982694821
26047,32741,16.141539288323507
26049,404656,10.728809714747834
26051,25010,81.74160517453018
26053,15321,146.31296384557143
26055,90814,14.719412715979916
26057,40785,60.1404277448817
26059,45146,36.60110442754619
26061,36003,156.57773034213815
26063,31189,59.37888054952066
26065,286477,9.492895713823447
26067,63339,46.354444098706956
26069,25034,111.6593896842694
26071,11095,125.96171314601172
26073,70193,80.20048635982221
26075,157352,19.75890313352865
26077,258708,10.111679266362076
26079,17269,51.90698103370201
26081,634849,11.014894843580127
26083,2104,219.0870443887833
26085,11678,104.89839569001542
26087,87402,17.805751405562802
26089,21342,27.904117477274855
26091,97451,14.327473362028094
26093,186583,29.732872488259915
26095,6326,180.37475952007588
26097,10758,101.88156524298196
26099,859250,8.354571688144313
26101,24325,80.75809828702981
26103,66413,22.027640005766948
26105,28674,128.54864382266166
26107,42888,90.02252511007742
26109,23074,110.89219515792668
26111,82586,39.43775291589373
26113,14812,82.0985453557926
26115,148217,11.513334691627817
26117,62531,67.71735380734356
26119,9236,103.09997198126894
26121,171110,57.59192236468353
26123,47657,66.18555239114926
26125,1236881,8.024793099606995
26127,26153,109.1635411805529
26129,20775,93.10379259547534
26131,5954,171.6322619084649
26133,22986,104.74029670595145
26135,8176,126.38784953816047
26137,24111,60.09919572833977
26139,280603,17.82961369565899
26141,12717,100.0830088627821
26143,23700,109.61639106375529
26145,190464,12.843150408749159
26147,157983,19.80752879166746
26149,60063,46.07975034285666
26151,40970,23.89679501371735
26153,8031,127.27438032461711
26155,67762,34.4154902379062
26157,52718,37.55946161840358
26159,74399,34.52745180541405
26161,362548,8.678709946958747
26163,1738297,6.695269679034711
26165,32757,64.82453326134872
27001,15731,73.7167528984807
27003,343137,11.446750130219124
27005,33393,90.58652842685592
27007,45450,159.75390332490647
27009,39117,12.944874430171026
27011,4965,178.77832099133937
27013,65616,9.902747183827115
27015,24963,60.089651979489645
27017,35232,44.08127789631585
27019,99220,33.68052834685547
27021,28700,73.77083231139373
27023,11817,151.6068283478886
27025,54224,55.086435773550456
27027,61855,19.00688752438768
27029,8696,148.50839129070837
27031,5284,192.4029659023467
27033,11182,103.21550568628153
27035,63188,19.916378310122177
27037,413226,21.535749102135394
27039,20370,31.388043881541485
27041,36748,112.67912183337869
27043,13740,62.683022266302764
27045,20658,57.286877578323164
27047,30225,65.45057361829612
27049,45665,54.03211677669988
27051,5865,130.55752081670929
27053,1219780,8.71461318379544
27055,18561,25.28381192457303
27057,20648,121.94215708267144
27059,38491,48.078502135875915
27061,44800,141.84469213955356
27063,9932,122.51872174466371
27065,15882,83.54138113971791
27067,42118,96.99313609155232
27069,4291,67.96490904404568
27071,12569,251.30931317662504
27073,6714,184.39818228731008
27075,10454,88.09987729462408
27077,3791,225.84889743392247
27079,27573,40.85580661019838
27081,5637,118.30293392957249
27083,25488,145.0069103264281
27085,35419,78.86599822648861
27087,5417,128.8092697982278
27089,9270,75.33294548058252
27091,19729,87.49417104399615
27093,22767,66.11944118294022
27095,25427,52.108330163015694
27097,32608,47.9349786656342
27099,39103,64.89667895918471
27101,8261,118.56986323701732
27103,33413,18.930568306347833
27105,21544,94.34455779739139
27107,6480,76.11146232407408
27109,151423,9.00406365869782
27111,57194,98.21232783673113
27113,14026,87.53856564451732
27115,28841,97.55393432377518
27117,9079,78.14737033395748
27119,31150,50.13868819547351
27121,10853,110.58721060158481
27123,533847,6.050530446270186
27125,3962,73.65472831120647
27127,15172,112.36266462523068
27129,14520,114.46421957486226
27131,65095,60.65718853302098
27133,9254,47.76899922671277
27135,15278,157.3555176863464
27137,198084,51.76713160195674
27139,141643,30.588889939594612
27141,92062,32.51016973158306
27143,14750,61.13430095118643
27145,155060,22.313236492615758
27147,36237,62.53829647399067
27149,9668,152.07830389635913
27151,9278,134.61626267363656
27153,24165,74.75083767879163
27155,3314,130.21963182226915
27157,21273,49.44297023743712
27159,13470,79.67474942271716
27161,18660,40.438945041479094
27163,250512,13.524044255760202
27165,10868,60.123448028340086
27167,6247,72.05074790155275
27169,50297,48.97191252104499
27171,131037,40.220166045796226
27173,9730,161.0099773684481
28001,31134,13.224318449637055
28003,36883,12.468883783721498
28005,12429,40.56590128192131
28007,18295,13.304078082426892
28009,8202,35.24475378529627
28011,32238,13.271168196072958
28013,14440,12.12777519868421
28015,10068,35.212399017481125
28017,17118,34.49316940466176
28019,8230,24.176903086998784
28021,8986,10.034304876697083
28023,15702,37.52163070156668
28025,19533,11.777109444836942
28027,23351,8.302454624812642
28029,28333,15.801333271309074
28031,18762,12.388134924794796
28033,173906,10.303061007935321
28035,74485,10.140975603732294
28037,7649,40.23425330997516
28039,23483,21.160489950176725
28041,13656,27.503918446397183
28043,21022,12.540104312720006
28045,46056,15.076967748545252
28047,200255,9.98180626215575
28049,238884,9.963968032007166
28051,17871,19.728603155559284
28053,8417,37.71847401627659
28055,1314,39.590841999999995
28057,23140,37.889372862143475
28059,140522,12.834518982956405
28061,16367,39.09226140679416
28063,7222,27.614700844779836
28065,11382,17.24923039650325
28067,67339,13.272464033472431
28069,10072,42.81475296703733
28071,52894,11.569972417854578
28073,60435,15.717363139587988
28075,76514,12.65984524152443
28077,12529,29.515404222044857
28079,22598,35.78238603593238
28081,83724,12.853820613169463
28083,29506,10.737695552362231
28085,34025,13.76553526077884
28087,58644,12.466903590375829
28089,102475,14.394182484810932
28091,24920,15.44011894089085
28093,35375,32.69273433735689
28095,35394,10.754495829942929
28097,10133,35.87885274469555
28099,28983,12.743377254114481
28101,21349,33.88446152667572
28103,10701,11.627791805158395
28105,48847,8.748815617049154
28107,33869,47.63202534491719
28109,54642,12.66913501482376
28111,11910,38.14449822275399
28113,39325,11.051291791277812
28115,30803,12.625272126318865
28117,25068,37.258845942197226
28119,7264,36.51534268557269
28121,149865,14.447544523964902
28123,28092,15.187752857183538
28125,4471,3.8135290552449117
28127,26897,11.923297331821395
28129,15966,30.649681865401476
28131,18159,13.288540471942287
28133,26200,16.083770231183205
28135,14242,42.854391418059265
28137,28154,43.70925243354408
28139,21833,12.648845683873038
28141,19350,14.948810280981911
28143,10042,48.42024392312288
28145,28104,13.661518298320525
28147,14278,13.351175068076762
28149,46476,12.58966718248128
28151,46247,10.466739653923497
28153,20134,13.962720040727127
28155,9739,14.831342563096829
28157,8839,51.21695522185768
28159,18237,13.154567773098645
28161,12273,35.35815904717673
28163,27534,14.74552990110409
29001,25116,6.737611070194298
29003,17212,24.09623275929584
29005,5220,59.112028870689656
29007,25510,54.18941580431204
29009,35023,28.86261797238957
29011,11713,58.50038349722531
29013,16236,63.59354803005666
29015,18871,74.7901597203646
29017,12163,42.46001959327469
29019,174453,10.060267556940838
29021,87566,9.100556376367539
29023,42270,13.580227203122783
29025,8960,24.0417363375
29027,44328,31.66930422069572
29029,44739,23.89421508196428
29031,77268,10.192056820792567
29033,8662,10.625387995266683
29035,6179,56.150737790742845
29037,101525,15.650384582496923
29039,13774,22.79250087106142
29041,7436,60.498606779720284
29043,82916,21.7549216495007
29045,6724,56.63378493634741
29047,236783,11.047206599717885
29049,20208,20.217708793794536
29051,75967,8.929872540905919
29053,17411,47.26638148216643
29055,23912,29.486506416401806
29057,7529,57.97811018103334
29059,16336,60.158645396914785
29061,8219,35.83017101983209
29063,12468,28.462450692091753
29065,15355,13.686909209378053
29067,13247,70.47436530489922
29069,30010,67.47023910553149
29071,101488,18.084112977879162
29073,14541,48.022129001031566
29075,6552,13.900999060439561
29077,285227,9.953684519743923
29079,9922,7.990686014916347
29081,8498,13.730050365262414
29083,21500,49.5529274656279
29085,9324,67.03068396235521
29087,4379,50.161531002283624
29089,10036,49.432522368872064
29091,39556,17.409934148043277
29093,10125,40.21217868720988
29095,682749,7.36325770442432
29097,117851,16.857356505358464
29099,220801,15.81773324312843
29101,52893,15.279550255667102
29103,3903,40.69194333743274
29105,34927,57.22046532072609
29107,32220,22.884642745189325
29109,37592,24.907940819270056
29111,9917,39.74849001270545
29113,54932,34.55622384460788
29115,12078,47.1211117466468
29117,14811,6.079092549253932
29119,22466,48.173308991142164
29121,15095,48.4865231907254
29123,12088,36.85018242521509
29125,8829,39.319192218031496
29127,28319,13.725659961757126
29129,3636,43.69466586908691
29131,24750,34.59172506872727
29133,13547,63.33259972695061
29135,15730,43.10766474767959
29137,8547,60.97528165286065
29139,11387,63.81257917326776
29141,19944,55.74727829001203
29143,17603,77.31204313270464
29145,57456,21.794780939936647
29147,22373,8.969144011710545
29149,10557,45.68330618518519
29151,13402,43.32018905014177
29153,9155,50.761064952048066
29155,16716,102.3662507555037
29157,18925,10.199988318520477
29159,41886,46.97857833526715
29161,43965,10.921785049675877
29163,18223,19.564968130768808
29165,97919,10.058262628151839
29167,31321,54.49415073733278
29169,51965,48.54077986698739
29171,4741,60.679534974688885
29173,9989,26.718225975473022
29175,24689,61.29364997083722
29177,22493,15.988495235762237
29179,6302,77.88771314693749
29181,13576,47.39106031135828
29183,385632,7.555146684777197
29185,9327,43.49732441170794
29186,17766,16.277706858043455
29187,65809,13.715546582275984
29189,987746,7.932221218515692
29195,22798,51.83744150263181
29197,4411,41.15311709408297
29199,4764,62.33461540910998
29201,38248,37.17950647639092
29203,8160,64.26018562573529
29205,6013,60.898675108764344
29207,29188,49.06559571649308
29209,31273,34.03765434630512
29211,6247,44.75218694413318
29213,54220,16.075259681943933
29215,25421,27.7453377814012
29217,20405,35.67673779338398
29219,33486,35.58506716263513
29221,24761,14.489761710068253
29223,13188,54.38176146891113
29225,37511,43.94745186252033
29227,2021,33.36809
29229,18123,57.345916914914746
29510,307379,5.255105108865602
30001,9326,190.04933778415185
30003,13261,126.78318727283009
30005,6570,326.62648682572296
30007,5746,106.85706511242603
30009,10467,87.74154328833475
30011,1306,161.42661299999997
30013,80479,267.5917407198151
30015,5700,330.9561796301754
30017,11726,207.1693991900904
30019,1735,209.49395
30021,9125,156.7019796622466
30023,8995,169.48646165636464
30025,2797,92.21785200000001
30027,11172,193.58486096938773
30029,96920,28.130149489909208
30031,103573,18.425126269915907
30033,1107,258.154005
30035,13533,198.14440997834922
30037,720,107.327142
30039,3235,117.984085
30041,16176,398.04290859044266
30043,11689,132.6686898587561
30045,1944,251.803959
30047,29427,72.30984374278724
30049,66142,162.4716796216776
30051,2259,334.626458
30053,19243,106.9160900476537
30055,1607,207.92251399999998
30057,8152,132.70215779735034
30059,1950,132.849895
30061,4201,96.73112291692453
30063,115061,15.307064173195085
30065,4675,90.4441754455615
30067,16057,55.103543134894444
30069,429,176.975268
30071,4092,330.00004900000005
30073,5975,250.4035345894561
30075,1596,240.10599700000006
30077,6820,126.00080013152494
30079,1327,201.399076
30081,41457,75.92756243664519
30083,11190,86.87652390008937
30085,11110,138.24443099549956
30087,9072,175.51571565233687
30089,11363,112.32788686244831
30091,3561,132.2483565773659
30093,34473,140.31794677924754
30095,9345,81.14646819732478
30097,3618,100.068007
30099,5974,268.3010524199866
30101,4954,280.8109118508276
30103,767,123.383898
30105,7485,242.7927443302605
30107,2117,150.431673
30109,1154,107.37993999999999
30111,156199,13.31818446593128
31001,31244,7.432999333792088
31003,6290,60.89449820476947
31005,416,122.12581200000001
31007,693,44.825089
31009,475,133.262699
31011,5273,87.67863828788167
31013,10982,92.51812069249682
31015,2020,176.836152
31017,2978,198.433272
31019,48528,8.943927162648368
31021,6486,69.08590685877274
31023,7951,79.58633149440321
31025,25425,29.18905225864307
31027,8413,76.05877349482942
31029,3678,140.755978
31031,5729,174.85983333705707
31033,9768,120.78255834479936
31035,6184,36.24005228460543
31037,10609,79.86684011584504
31039,8883,70.7018559017224
31041,10677,100.49986951334645
31043,19933,8.338370294687202
31045,8865,143.03101686294414
31047,23430,63.219039642723004
31049,1876,136.48375900000002
31051,5666,49.85237815319449
31053,36134,45.528116977389715
31055,546877,5.7362379684481155
31057,1994,182.587599
31059,5517,71.85115420282762
31061,2967,67.15562499191103
31063,2585,82.000474
31065,4749,117.484674
31067,21365,68.28072654790546
31069,1832,144.377402
31071,1955,141.239331
31073,2005,86.75135300000001
31075,708,161.146377
31077,2367,76.27709300000001
31079,60518,6.388608255692523
31081,9099,35.86809679327398
31083,3372,81.042778
31085,927,88.38806600000001
31087,2823,130.735297
31089,10092,131.82550008838683
31091,691,129.937996
31093,6352,46.1382557745592
31095,7042,102.38921738767395
31097,5158,79.57880368805739
31099,6485,24.61435448943716
31101,8035,84.97569442227753
31103,776,208.46055699999997
31105,3631,83.257261
31107,8364,89.31848776901005
31109,306042,7.07401184936708
31111,34881,14.387659398297068
31113,857,52.832163
31115,578,159.475156
31117,440,75.146674
31119,34757,10.818330573553528
31121,7641,39.517831530820565
31123,4822,74.155606
31125,3512,78.808361
31127,6934,88.9654737637727
31129,4224,78.78736427746213
31131,15644,53.25971085911531
31133,2653,100.637928
31135,2889,107.22312299999999
31137,9071,48.8295807453423
31139,7025,32.671477147900355
31141,32687,70.26536397855416
31143,5196,78.96301642378752
31145,10697,112.2840983829111
31147,7965,98.60538302033899
31149,1332,206.424099
31151,14143,46.17467097207099
31153,175848,6.951328254930393
31155,20711,40.478241572932255
31157,35798,10.449477212190624
31159,16879,44.02589547176966
31161,5180,176.3620996310811
31163,3005,67.159248
31165,1230,79.337019
31167,5944,22.57763416857335
31169,5073,114.42520825271043
31171,645,95.778563
31173,7029,44.332854688433635
31175,4165,102.52260925210085
31177,20078,33.29116286970813
31179,9294,49.877182438347326
31181,3532,55.15604396659116
31183,805,98.937526
31185,13660,75.0115636237921
32001,23749,104.35862228952799
32003,2117336,8.644406111785282
32005,47559,76.66854008000588
32007,51556,251.97134483451006
32009,974,342.32235
32011,1830,393.027657
32013,16476,289.3488577928502
32015,5556,334.079971
32017,5142,162.03232547880202
32019,52695,67.21331467666761
32021,4404,193.06470458310625
32023,43248,126.06554242212356
32027,6565,255.99004900000003
32029,3925,21.881944
32031,445058,12.044420975499822
32033,9654,216.49893827563702
32510,54066,49.536019182166235
33001,60125,46.72095015175052
33003,47590,75.1605144388527
33005,75721,15.99290288749488
33007,31805,129.52296744156578
33009,89130,48.365609494536066
33011,406742,10.982055281785506
33013,148046,18.285353597753403
33015,302381,13.980389502042126
33017,127229,13.97264287915491
33019,42838,40.17107912825061
34001,265749,13.150200121697543
34003,921348,6.894515399432136
34005,442448,9.538626700073227
34007,501540,5.509567046265501
34009,93056,13.05826707800679
34011,151828,12.561974715921963
34013,784147,4.208131166133391
34015,287979,8.406089384760696
34017,659336,3.0211228401376538
34019,124036,14.716194276460064
34021,365144,7.077795604643648
34023,817729,7.956372817686544
34025,618391,9.660980040364429
34027,490019,12.480492027213227
34029,583650,15.99583324167395
34031,496996,5.740270167389677
34033,62845,10.835862816214497
34035,326926,10.252989333228316
34037,140925,27.594016837977648
34039,546538,8.407583967656413
34041,105542,13.816728812093762
35001,670141,12.052819007777469
35003,3528,206.431963
35005,64671,167.30954405999597
35006,26725,95.0077736097287
35007,12269,186.7785291813514
35009,49383,156.36233524978232
35011,2046,246.26915899999997
35013,213004,18.686511450827215
35015,56468,125.29456594260465
35017,27746,183.63430711241259
35019,4341,184.431569
35021,459,193.81644
35023,4316,133.6699492669138
35025,69090,20.271444152236217
35027,19340,214.4498237113754
35028,18225,120.2060576894376
35029,23816,104.39468253854552
35031,71728,43.10549787356402
35033,4563,255.069635
35035,64921,120.80954246022088
35037,8312,165.61651787042828
35041,18798,162.7647022334823
35043,139339,36.22674981949061
35045,125714,26.138277508972745
35047,27735,181.58164568595637
35049,147670,96.26260447909527
35051,11084,128.1075431371346
35053,16823,136.50876954116387
35055,32663,207.26988247374706
35057,15375,82.45713563043903
35059,4118,224.67455800000002
35061,75046,44.35627961956667
36001,304406,8.927057703300855
36003,46578,23.27755412370647
36005,1418035,2.232902906909209
36007,192679,10.606329137690148
36009,76918,26.70636950347123
36011,77031,15.00298835170256
36013,128366,24.53339173550628
36015,84926,7.682691135058756
36017,47982,53.387137391855276
36019,80182,119.1296056682173
36021,60518,16.084009844723884
36023,47550,41.37724800153522
36025,45187,61.28769700703741
36027,291663,13.581919064845387
36029,909206,9.225700234565105
36031,37467,113.68620218410868
36033,50293,160.89898160837492
36035,53186,50.238611990373414
36037,57441,11.756258347922213
36039,47325,28.811518705673535
36041,4536,106.03635504431217
36043,62013,32.9936581195717
36045,112346,18.60868781154647
36047,2563953,2.1440775274866586
36049,26386,49.752603828052756
36051,63312,24.456142341783547
36053,70778,35.976961835782305
36055,737278,9.408241496778691
36057,48780,36.08023323323083
36059,1344001,4.2432614755643785
36061,1614531,1.506589499308468
36063,209687,14.911415364929633
36065,227995,17.821700558297334
36067,459572,10.478674869223973
36069,108576,12.389521663820734
36071,373770,14.820023188674854
36073,40804,34.150649669542204
36075,118027,45.15724611471104
36077,59718,30.655464341789745
36079,97922,11.827473465207001
36081,2272190,3.4081208810548413
36083,157662,12.341394806668697
36085,468988,4.438041560521804
36087,319193,9.644239262251991
36089,108458,107.52474976507035
36091,225194,21.959316268301997
36093,153247,6.5685756591711435
36095,31160,44.82170742705392
36097,17864,27.08362245560905
36099,34080,18.728236341754695
36101,95790,19.31217636077879
36103,1474458,8.733638038732199
36105,74585,24.618661924234093
36107,48477,23.32594998782928
36109,102133,14.336272159693735
36111,177690,18.357801583032245
36113,63996,15.504593354147135
36115,61321,26.39700222829047
36117,89864,20.344998467194873
36119,959241,4.899423749314303
36121,40198,36.4694575856759
36123,24769,29.98696992922605
37001,158954,13.341499957981554
37003,36657,25.039679040947156
37005,10883,36.00592937048608
37007,25123,35.197153138001035
37009,26663,44.5431678312643
37011,17315,41.91473681345654
37013,46802,49.98126923845134
37015,19477,19.020969316527182
37017,33362,39.01486742410527
37019,125736,31.42195002738277
37021,252454,14.675853389255073
37023,89093,29.371094220668294
37025,199460,10.546603113501453
37027,81125,25.432055549411405
37029,10367,24.842310669046014
37031,68340,19.14811743217735
37033,22536,25.309179026668442
37035,154993,11.091565698025072
37037,69008,26.83308515386622
37039,27456,83.55379275509907
37041,14061,12.399075265628335
37043,10760,57.59119660436804
37045,96099,13.56461907796127
37047,55783,18.674045932362905
37049,101872,45.51630956629888
37051,326815,12.145801004234812
37053,25477,39.36675371845193
37055,35467,99.19646643832294
37057,162939,12.30173240991414
37059,41694,25.39325928637214
37061,57938,20.83726672684594
37063,301990,8.583398505510116
37065,52724,12.800630140315604
37067,367369,11.399014607430132
37069,64197,38.28298124440394
37071,214260,11.731849556902828
37073,11488,36.843544814937324
37075,8548,77.32068756013102
37077,58516,38.43163182816666
37079,20794,27.132609023468312
37081,517591,12.714149991514537
37083,51400,53.27903387365758
37085,128506,35.889905276695245
37087,59839,46.1855174486706
37089,112724,32.40133078577765
37091,23932,17.66429647593181
37093,52015,13.966735234643851
37095,5313,89.220014
37097,170478,11.192749966347563
37099,41911,39.12570132318484
37101,188853,35.15371841889194
37103,9626,30.06683023436526
37105,59541,8.922909572664214
37107,56831,12.270032747954463
37109,80734,13.911213213354968
37111,44645,15.197059630529735
37113,34098,18.095263117954133
37115,21321,39.38279565662961
37117,22737,32.46126785429037
37119,1040607,8.049467723887117
37121,14862,42.2456995921814
37123,27137,35.61491887577846
37125,95027,16.62302094891978
37127,92663,14.829465016565404
37129,221872,10.843118868446671
37131,20066,47.61173368394299
37133,190085,15.587341380861195
37135,141966,12.01745988309877
37137,12684,88.62022308703878
37139,38935,10.515381890124566
37141,58371,38.90005240682872
37143,13321,26.266137138578188
37145,39033,40.73846586913637
37147,175335,11.856654041258164
37149,20336,44.38959102389851
37151,141295,34.555576169170884
37153,44649,36.682406988846346
37155,131669,35.721953492522914
37157,90626,19.68350749416282
37159,138198,12.73870450339368
37161,65723,34.97678107116231
37163,62859,43.419552683577535
37165,34857,40.54110529136185
37167,60337,13.756952863665742
37169,45561,32.97655362140866
37171,71406,12.360972151275803
37173,14116,50.28445450212525
37175,33224,52.068475294817
37177,4079,57.038264
37179,224442,14.024223843785922
37181,43781,58.363242065142416
37183,1034630,11.576637435956814
37185,19741,47.35351597619168
37187,11922,35.54490298364368
37189,53854,11.236260119768264
37191,122296,38.070029832889055
37193,67883,35.09232094248928
37195,80581,9.125799667564316
37197,37139,24.943106697595518
37199,17545,58.733669012881165
38001,2343,18.733883
38003,10664,7.933346243717178
38005,6749,37.62406313913173
38007,942,55.01846999999999
38009,6527,20.255685878657882
38011,3142,10.72389213367282
38013,2192,63.701973
38015,92342,8.52700005290117
38017,171615,8.775134412300789
38019,3787,4.638260035912331
38021,4869,25.03621967200657
38023,2290,85.043607
38025,4315,64.82358599999999
38027,2283,48.164963
38029,3325,1.315317
38031,3256,19.93132
38033,1847,81.966651
38035,69610,9.387480968093664
38037,2358,21.018235999999998
38039,2230,68.830097
38041,2533,50.45570780181603
38043,2436,87.61068
38045,4072,47.264139930009826
38047,1891,28.884970000000003
38049,5820,55.51804554982817
38051,2644,8.87331
38053,12350,16.596756466153842
38055,9515,14.052932548922753
38057,8438,12.767617153353875
38059,30105,22.650788986779606
38061,9995,31.559710072436225
38063,2891,64.416414
38065,1827,40.88754
38067,6935,21.116886892718096
38069,4172,27.217604520613616
38071,11473,8.334158661030244
38073,5329,9.052204166823044
38075,2446,79.064921
38077,16111,70.11598068325988
38079,14398,21.501241628767882
38081,3848,41.95130960057173
38083,1386,47.40340700000001
38085,4365,91.65385288476519
38087,704,33.445677
38089,30346,9.844638171917222
38091,1891,37.51198099999999
38093,20792,13.152447404434396
38095,2221,23.45526
38097,7939,18.6735905961708
38099,10629,8.771766952582558
38101,67858,11.27204470156798
38103,3977,18.974260948956502
38105,33571,9.893113847636352
39001,27692,52.48672641795464
39003,102536,8.721932439796754
39005,52957,25.793512724304627
39007,97058,17.76876893925282
39009,65411,56.7799080975524
39011,45083,13.91892447459131
39013,67942,65.88149753274853
39015,43117,20.75437419001786
39017,374082,7.846986394822526
39019,27385,37.18002064790944
39021,38540,27.265657210145303
39023,133556,8.664342072082121
39025,200602,13.769071760022332
39027,41402,11.429430918047435
39029,103050,34.29266501674915
39031,36219,42.91722716019217
39033,41541,29.160674497291833
39035,1239713,5.03642331064206
39037,51107,35.61787611241122
39039,37899,59.28639949127945
39041,195203,18.419982300707467
39043,74296,9.340377833530741
39045,151100,9.645292339172732
39047,28289,37.30400402863304
39049,1257686,6.974208723031026
39051,41722,38.171414310795264
39053,29842,57.625074265096174
39055,92989,13.132993804826377
39057,164178,8.14777891800972
39059,38763,48.64877757286588
39061,801821,5.16049249244158
39063,74759,10.346909919929374
39065,31140,35.27635568233783
39067,15161,47.039276592309214
39069,27022,46.97034055451114
39071,42556,36.82034253221638
39073,28268,31.67336136645677
39075,42988,31.101589264585463
39077,57790,15.40788913244506
39079,32162,57.63053712480567
39081,66468,56.63651611000782
39083,60628,44.1243476521904
39085,228031,10.440912802092697
39087,59888,14.221458073553967
39089,170175,30.656826492116934
39091,44709,47.976993842559665
39093,303568,9.168442118556634
39095,426890,5.37057319433812
39097,43512,12.377158236394557
39099,229010,12.532002306615432
39101,64541,7.45143915870532
39103,175464,13.219697644639355
39105,22906,59.08783325434384
39107,40200,26.22992386470149
39109,103521,12.005326947740075
39111,13949,67.3032798499534
39113,525276,6.866631932309872
39115,14448,46.93542567365724
39117,34759,29.32762028104951
39119,85005,14.257915934862655
39121,14320,47.53354676312849
39123,40368,25.93024609272196
39125,18661,46.820432495311074
39127,35668,33.71442777713917
39129,56758,21.54320787321611
39131,27831,44.41859143361719
39133,161293,13.565568246731104
39135,40727,12.566325886217987
39137,33511,33.33574949509117
39139,120201,10.514087557441286
39141,76462,18.15471688412545
39143,58622,34.7874124211047
39145,75460,54.15574446641931
39147,54841,39.64965818429642
39149,48087,25.708302068022544
39151,369494,12.280252559954965
39153,536040,8.832945713334826
39155,199048,19.58930256444676
39157,91103,14.7972819000472
39159,54963,36.5526456246202
39161,27984,39.913181606918236
39163,12994,58.66742062013237
39165,224371,8.803385926576965
39167,60027,13.312574660919255
39169,114678,14.132488331850924
39171,36518,65.3801696527192
39173,128476,17.90469999936953
39175,21857,33.20201332277989
40001,21791,66.13988818966546
40003,5817,73.46618717483238
40005,13714,54.27499638901852
40007,5367,129.02637662567543
40009,22317,132.85648169014652
40011,9541,89.98822536033957
40013,45223,13.076009816885213
40015,29008,69.75016580732901
40017,135234,24.072223446359644
40019,47965,70.31602775844888
40021,48130,90.04323972661543
40023,14669,48.79774639634604
40025,2171,201.84916477567944
40027,273742,11.12716288245136
40029,5560,72.83094657266187
40031,120759,11.158712243783071
40033,5888,35.811479095278536
40035,14355,80.50636549481018
40037,70233,37.80481357840331
40039,28907,116.00014927816791
40041,41771,68.2541874400182
40043,4906,67.42975157113737
40045,4021,47.75504599278787
40047,61286,11.440070301275984
40049,27434,73.21555374312896
40051,54275,53.08233573645324
40053,4385,51.576984470923605
40055,5897,131.55977638833303
40057,2709,136.708853
40059,3813,61.38419931995804
40061,12548,70.21999750111571
40063,13279,72.03298845846827
40065,24861,86.54635804649853
40067,6156,76.86797871442495
40069,10937,58.5712532107525
40071,44442,15.101960621664189
40073,15388,48.83269621991162
40075,8955,82.68515634304858
40077,10359,55.919354059368665
40079,49346,49.986267797957275
40081,34541,54.14253041747488
40083,45625,40.08127988309041
40085,9812,38.13606889033836
40087,38206,28.944387721117103
40089,32608,92.490554327895
40091,19611,65.87595206679924
40093,7652,56.35702492760063
40095,16190,40.66692682087708
40097,40583,75.13803796156027
40099,13732,98.60726761185552
40101,68304,71.88850983340652
40103,11289,39.58386582319071
40105,10329,88.52354071023332
40107,11994,89.40776174320493
40109,770136,8.244528438683558
40111,38374,58.25800523104185
40113,46858,41.5083304206112
40115,31192,43.23470484714029
40117,16240,50.283400343719215
40119,80301,13.03559709590167
40121,43897,19.261448880151267
40123,37883,98.38591328917984
40125,71188,51.75828742330168
40127,11016,84.83633495134349
40129,3687,121.81425700000001
40131,89902,42.733018086661026
40133,24746,82.8193196999515
40135,40776,42.81509141399353
40137,43507,57.73508513931091
40139,20817,165.64399313810827
40141,7383,70.21089508302857
40143,633780,10.050356092118717
40145,77084,30.728723005279953
40147,51310,69.42173279810953
40149,11270,122.55522783824311
40151,8889,91.87251813139835
40153,20703,9.919531767038594
41001,15783,174.9472711016917
41003,89132,9.875274620697393
41005,401483,12.55573165935544
41007,38194,44.04660527773996
41009,50266,33.68952695422353
41011,62944,184.4619296807003
41013,22176,70.01070713915945
41015,22373,170.7205893218612
41017,179174,18.877239106773303
41019,107314,107.71714356172541
41021,1900,86.09697
41023,7110,217.99710200843882
41025,7190,256.96436083337966
41027,22868,18.353125649947522
41029,212170,13.759175108969224
41031,22893,79.91285872585506
41033,84501,16.760780126673055
41035,65553,126.5103736346315
41037,7803,216.35419306394977
41039,365369,21.20295036095016
41041,47530,93.92487634388807
41043,121459,22.436661550984283
41045,30092,81.65511708390933
41047,331474,39.330460407235556
41049,11043,83.83558826596034
41051,790395,5.268135853003878
41053,80570,42.257886714782174
41055,1593,56.988398000000004
41057,25863,95.69778914263621
41059,75789,51.7950430185779
41061,25726,127.87610191164582
41063,6862,147.74369935135527
41065,25623,46.01879686145261
41067,575763,7.737745396418317
41069,1420,151.252116
41071,102695,40.44555103272798
42001,101085,11.776075190067766
42003,1211947,6.46388547148679
42005,65706,20.189866661202938
42007,165235,12.167051652283112
42009,48143,19.676244193340672
42011,412417,11.584128555289913
42013,122621,9.424151965397444
42015,60630,26.710892904420255
42017,620428,8.134501627176723
42019,184583,16.260655028491247
42021,133371,17.953067233753966
42023,4603,78.26442369997828
42025,63345,12.606403627168678
42027,160061,15.148939131656055
42029,511857,10.217125995600334
42031,38461,37.106965820779486
42033,79624,30.69451891944639
42035,38712,17.613623873036786
42037,65666,15.81539039770962
42039,85291,18.800863469545437
42041,244995,9.553857147329538
42043,271170,10.952695209514326
42045,557444,4.477303738612309
42047,30337,50.26375185466592
42049,272943,11.986909041726662
42051,130898,13.822407327430517
42053,7318,58.91689243973763
42055,152008,11.482360184102154
42057,14398,38.80766348826226
42059,36713,32.70752511930378
42061,45027,44.30435297465964
42063,84918,40.05839372084835
42065,43585,26.690116407754964
42067,24297,36.67545749429971
42069,209317,9.727819107420803
42071,531659,11.556443474836312
42073,86650,28.786503655672245
42075,137117,9.206913507974942
42077,358345,6.779756746604528
42079,315008,10.6438582501619
42081,113652,12.37566993081512
42083,41375,43.931043114175225
42085,111409,19.038428481514057
42087,45858,13.18930154956605
42089,166097,16.468575558890286
42091,812805,6.357972324029748
42093,18127,6.39225195840459
42095,299125,8.159034881808608
42097,91172,25.756274701684728
42099,45443,30.52058474350285
42101,1553951,3.062936259347303
42103,55197,38.60598773384423
42105,16818,47.855497682720895
42107,142122,15.37613145703691
42109,40026,37.26852125201119
42111,74243,13.442784445833281
42113,6132,50.74438236073059
42115,40972,32.59101471775847
42117,40799,52.84866183563324
42119,44710,36.326798255177806
42121,51957,17.87874575212195
42123,39651,34.268622303220596
42125,205406,12.99693180331636
42127,51115,18.811802184329455
42129,351675,10.998333122112745
42131,27380,19.697149173228635
42133,439146,11.506818029550537
44001,48547,16.79603981978289
44003,162208,8.68703004308049
44005,82451,7.476497573564906
44007,627714,5.671078794806234
44009,125331,11.003674138664817
45001,24408,32.77757579187152
45003,165011,14.311250706019601
45005,9138,34.37482569676078
45007,193780,13.981096387294873
45009,14471,43.9295427570313
45011,21392,50.14741006488407
45013,180950,14.040610377236804
45015,206219,12.81445842016982
45017,14598,23.132193044937665
45019,389453,9.882644110814399
45021,56118,29.434594580954425
45023,31867,31.718611715505066
45025,45551,22.29784694900222
45027,33669,19.92329637622145
45029,37265,46.33788131960284
45031,66357,17.12409012301641
45033,30465,12.573064342589857
45035,153799,12.386292853497098
45037,26646,30.828691639908428
45039,22527,39.462500509122385
45041,136629,13.924888691068514
45043,61263,14.233254218223072
45045,491871,7.614360705465458
45047,69606,10.808903595236043
45049,19683,16.179308965554032
45051,318317,11.674634078814513
45053,27618,23.524845821348396
45055,63759,16.723244383883063
45057,88743,15.369358845801923
45059,66041,15.291808591269062
45061,17384,27.09605536591118
45063,282721,17.302784712034125
45065,9571,37.88298540100303
45067,31067,32.10863257076641
45069,26846,26.740380875363176
45071,37691,14.073997120585817
45073,75850,15.244124052801581
45075,87563,22.55466435423638
45077,121394,22.50140940373495
45079,403535,12.596114707403325
45081,20058,37.985415399890314
45083,298887,13.141593050256452
45085,105454,12.610369321505111
45087,27411,40.24324330673817
45089,31558,20.056352296755183
45091,255785,13.268008245311492
46003,2739,158.438945
46005,18124,198.16828651180757
46007,3382,194.1260821803667
46009,6916,134.01626289068824
46011,33853,96.0669925538357
46013,38408,101.70929753408144
46015,5137,209.8586726893128
46017,2010,241.80031400000001
46019,10079,98.84450762059727
46021,1417,67.296157
46023,9187,177.99548484020897
46025,3603,171.4095
46027,13713,60.683213779843946
46029,27503,171.76768202959678
46031,4089,129.0591959427733
46033,8509,61.4285347735339
46035,19656,114.58737849247048
46037,5462,128.56511366898573
46039,4218,133.86046851967757
46041,5671,192.1587359102451
46043,2899,144.984611
46045,3925,89.80071991464969
46047,6673,99.19337632309308
46049,2268,125.77538400000002
46051,7096,132.6766047587373
46053,4153,226.6779917876234
46055,2066,162.596009
46057,5892,157.1690669093686
46059,3251,197.2561274595509
46061,3349,94.15899999999999
46063,1289,68.545711
46065,17420,230.47812226865668
46067,7202,100.34741109997222
46069,1304,188.819876
46071,3218,158.4857099512119
46073,2007,197.004192
46075,727,224.92505300000002
46077,4913,144.0437680376552
46079,12426,78.15463781063899
46081,25062,78.18241089262628
46083,54065,15.703825030759273
46085,3799,269.52492113608844
46087,5431,62.61496641042165
46089,2354,41.835229
46091,4749,84.338149
46093,27090,53.486577050756736
46095,2026,239.826504
46097,2184,113.477149
46099,184195,9.602181863394772
46101,6412,60.74203710573924
46102,14075,132.78220181570163
46103,107980,14.872956236173367
46105,2857,70.493724
46107,2294,153.426118
46109,10134,132.33346168314586
46111,2366,152.806198
46115,6509,165.3984708809341
46117,2969,245.68922200000006
46119,1318,185.716755
46121,9940,230.90899167847078
46123,5429,274.1954268178302
46125,8163,56.98379228653681
46127,15025,34.78030078076539
46129,5429,103.75265441057286
46135,22410,100.5194545953592
46137,2773,181.64065
47001,74977,13.62053133042133
47003,46833,45.39934749332736
47005,15985,79.39350730484828
47007,14531,50.55708339075081
47009,127461,10.909278952871862
47011,103255,38.61723921928236
47013,39400,15.549728854416243
47015,13838,38.65572518535915
47017,27706,61.81037188688371
47019,56112,12.837964435575277
47021,39572,29.761228414030118
47023,16957,37.592093768473205
47025,31218,14.524505576045868
47027,7608,55.092589030362774
47029,35043,12.983050912165055
47031,54091,61.22970254166127
47033,14366,36.15190497890853
47035,58279,14.265495490931555
47037,674601,7.102906412743237
47039,11543,78.04170567694706
47041,19364,47.66756426399504
47043,51216,13.997072171508902
47045,37111,75.81062278073887
47047,39349,35.32957373214059
47049,17809,54.71480985322029
47051,41112,73.71611270500097
47053,48679,39.55880661566589
47055,28834,43.64997976579732
47057,22810,24.97628807628233
47059,67934,38.8186402250714
47061,13108,74.75230479668906
47063,62988,7.648714893090748
47065,353338,12.817147464951407
47067,6501,54.432882170281495
47069,25450,50.38755382121808
47071,25467,53.185738419562576
47073,55842,27.463608146771247
47075,17586,47.35568315131355
47077,27547,46.754713907104225
47079,31961,69.72175902071275
47081,24376,36.00495397641122
47083,8087,50.3359193769012
47085,18178,41.35053544520849
47087,11537,29.242099964635518
47089,52654,13.981052740266644
47091,17712,41.93875765904472
47093,451423,9.061673578402074
47095,7484,95.42009253968466
47097,25911,72.16930567210837
47099,42306,49.31424581735452
47101,11924,53.2325698264844
47103,33414,47.857569097085054
47105,51168,12.336345398119919
47107,52219,58.497309679733426
47109,25648,35.641026898978474
47111,23195,46.91195795106703
47113,96351,9.82236915343899
47115,28205,49.30546347222123
47117,31902,37.03347023208576
47119,88842,13.937274506629747
47121,11884,49.90303988471894
47123,45291,47.21315214029277
47125,193128,50.41331972214284
47127,6298,71.9903670670054
47129,21367,36.14618960850844
47131,30163,62.77960224423963
47133,21685,34.17649761858428
47135,7797,80.55382216339618
47137,5059,71.260475
47139,16740,76.26536513470728
47141,75452,10.033625044664157
47143,32120,53.62596395653799
47145,52463,14.418470697310484
47147,68528,14.459319607678614
47149,303499,10.211192039136867
47151,21621,64.79785801632671
47153,14632,48.38663584595408
47155,95357,16.00512364109609
47157,924864,7.3166463641032635
47159,19245,39.08798648048843
47161,13149,79.34988034162295
47163,155378,11.442336143006088
47165,177477,12.170137993649881
47167,60866,39.846410871751054
47169,9337,20.543490882724644
47171,17663,28.421137447658946
47173,19193,32.38546431422915
47175,5655,57.7874466852343
47177,40001,64.67696253403665
47179,125723,10.677254288793618
47181,16481,60.54701317862994
47183,33267,59.83478121691166
47185,26343,30.21665639904339
47187,216471,24.275377401328587
47189,131588,12.513320546144023
48001,57490,82.06047205072187
48003,17506,54.73234570941391
48005,86665,11.434642840685399
48007,24365,51.54129709919967
48009,8721,38.76122858857929
48011,1902,69.643417
48013,48112,43.124410858330556
48015,29325,19.93632822629156
48017,7064,110.14945400000002
48019,21683,61.25530237264215
48021,81341,45.828015537760784
48023,3560,76.244546
48025,32300,85.19444673628483
48027,336008,8.881822344753697
48029,1898949,7.467743858771351
48031,11158,39.43261345671267
48033,645,120.26273799999998
48035,17985,52.86100153327774
48037,92817,18.48397872284172
48039,349706,15.33697594074165
48041,216532,6.432496542284743
48043,9185,263.6866226121938
48045,1537,137.71606699999998
48047,7098,41.61183488672865
48049,37546,100.85248150189103
48051,17624,15.688379065422152
48053,45475,27.81726268993953
48055,40795,30.38670915568084
48057,21541,50.30570521401049
48059,13613,37.57043299309483
48061,415868,19.50105369548511
48063,12628,8.582639518371872
48065,5959,46.198645307266325
48067,29811,19.65894253248801
48069,7720,101.26320893639897
48071,39792,29.541134998642942
48073,51267,45.157224797296514
48075,7099,171.5373203215946
48077,10257,36.85799292034708
48079,2818,92.350861
48081,3227,105.33102003687635
48083,8345,82.2422205018574
48085,933686,7.736338723849346
48087,2966,121.81402699999998
48089,20633,53.522791615518834
48091,133596,17.0167254488832
48093,13298,53.00870880967062
48095,4210,128.881748
48097,39218,16.63318903748279
48099,74307,24.35377619932173
48101,1566,183.87060200000002
48103,4748,59.33008000000001
48105,3610,193.986436
48107,5732,58.144011660676895
48109,2176,206.458335
48111,7035,131.29503054797442
48113,2549268,7.145576230728587
48115,12880,104.60742416133539
48117,18537,76.49543481366996
48119,5173,32.134368660351825
48121,797469,10.633378676521595
48123,20212,19.77354909261825
48125,2199,108.294936
48127,10592,132.868774592145
48129,3350,80.72798627820895
48131,11328,107.63208262208686
48133,18100,68.25236528674034
48135,155782,7.0156719007138175
48137,2055,223.62431099999998
48139,166690,17.51386819238707
48141,823925,9.720259950226053
48143,40910,11.835245722708384
48145,17121,43.44544541049004
48147,33892,16.259856680249026
48149,24799,60.78917671087543
48151,3813,85.29660639575137
48153,5838,94.80214793884892
48155,1397,141.391268
48157,731410,11.753054971470176
48159,10595,27.14042111514866
48161,19460,97.36896624167524
48163,19178,89.00276915006779
48165,19853,56.598786986299295
48167,322880,10.873014217220021
48169,6251,75.375747
48171,26067,81.35288595829978
48173,1392,120.20599299999999
48175,7434,44.516028962873285
48177,20295,48.5510786250308
48179,22448,9.959826385557733
48181,126925,14.39528833184952
48183,121644,9.014358644668047
48185,27471,22.519267917731426
48187,153636,17.81943095993778
48189,33625,72.16957397745725
48191,3058,142.732172
48193,8242,60.990272358044166
48195,5471,113.27659628093583
48197,3897,127.323034
48199,55576,34.22268661271052
48201,4534472,8.222923568317105
48203,65974,32.38335471159851
48205,5691,119.036791
48207,5743,94.09184075134948
48209,202131,14.080951795721587
48211,4008,80.625263
48213,79347,64.06725500350359
48215,836243,9.818430902999488
48217,34979,50.44699839872495
48219,22851,46.53136645739792
48221,56276,37.23294488552847
48223,35803,14.600950701309944
48225,22698,63.71629514084942
48227,36238,99.511535531983
48229,4014,111.30911200000001
48231,91226,40.35663732272597
48233,21243,51.179006182742555
48235,1520,199.07695800000002
48237,8766,65.81815782968287
48239,14634,51.87786566017494
48241,35170,64.04575988800113
48243,2234,273.72857999999997
48245,251917,8.53456417983304
48247,5159,74.03833179298314
48249,40565,73.29460893565883
48251,160852,13.550166963680898
48253,19664,31.377900050803504
48255,15223,50.00286650942653
48257,117146,32.82867786451949
48259,41653,46.348806688161716
48261,568,112.83134
48263,731,132.812806
48265,50786,100.93031958492497
48267,4321,170.42192362068965
48269,228,156.030211
48271,3675,189.89879299999998
48273,31160,64.12593237942876
48275,3683,128.48092405919087
48277,48907,11.767482206575746
48279,13099,68.52725363974348
48281,20509,36.816017024282026
48283,7290,128.350918
48285,19699,23.770309624194123
48287,16785,44.87108906303248
48289,16838,55.39047376612424
48291,80972,45.05698180237613
48293,23186,69.42659708634521
48295,3395,67.72149593107511
48297,12001,89.71591468352638
48299,20442,39.39540481425497
48301,96,151.437552
48303,296940,9.200928002030713
48305,5760,50.92590132604166
48307,7977,136.6755942888304
48309,245054,12.795896482526299
48311,657,108.386181
48313,14006,11.808164028630586
48315,10008,45.57930964288569
48317,5582,71.54824103941239
48319,4149,107.34525942829599
48321,36396,68.63732107319487
48323,56888,177.94067019770426
48325,48748,46.68548575970296
48327,2114,173.531821
48329,161210,33.4438434297252
48331,24510,45.01366451558548
48333,4860,104.404790654321
48335,8516,112.8024457441287
48337,19144,51.62741386507521
48339,546199,13.82017491411372
48341,21339,84.31606697502227
48343,12284,28.640017725008136
48345,1137,139.34929
48347,64800,13.754376778317903
48349,47708,62.806754386769505
48351,13897,49.67936619335108
48353,14738,67.73618267940019
48355,355356,10.713899609425477
48357,10147,96.24020741637922
48359,2078,67.30595799999999
48361,83001,27.97391444258503
48363,28131,41.981496210941664
48365,23225,42.40934467332615
48367,128393,15.309193841206296
48369,9653,123.55274173666218
48371,15641,147.880896188479
48373,47410,69.43463548612107
48375,118788,11.596820160815907
48377,6918,382.48921144521535
48379,11398,36.67138589550798
48381,131022,13.033907529552291
48383,3682,133.66781
48385,3342,160.346605
48387,12177,49.952787833702885
48389,14958,129.86002263544592
48391,7189,67.77185912032272
48393,882,40.781414
48395,16721,51.191066379283534
48397,92124,10.17631284623985
48399,10263,71.4414967313651
48401,52848,16.53126083163034
48403,10314,57.622468870273416
48405,8247,63.07209875845762
48407,27533,51.29997617960266
48409,66078,33.968981305805265
48411,5902,105.8838630999661
48413,3047,203.736073
48415,16979,128.372874555922
48417,3265,50.854791999999996
48419,25057,60.69499404553617
48421,3025,136.05461200000002
48423,222459,13.494405324378874
48425,8657,35.89749476608525
48427,62564,47.48537911716002
48429,9242,95.08649609099763
48431,1136,145.97463
48433,1372,99.92394899999998
48435,3809,280.65571800000004
48437,7433,81.084903445446
48439,1991418,8.342310396713296
48441,134372,8.331541607693564
48443,861,234.74850400000003
48445,12522,61.982897063168814
48447,1559,112.42778899999999
48449,32345,7.322666426588344
48451,116048,142.30033569913314
48453,1188298,8.334374547143057
48455,14442,45.90177452935882
48457,21394,79.44375946615874
48459,40268,30.996299809302677
48461,3588,72.70602931326644
48463,26554,121.7794596525947
48465,48192,243.7470125603212
48467,53634,51.8832224649476
48469,90750,9.466537978556474
48471,70991,14.758474555605643
48473,49463,28.589986193680126
48475,11380,66.74596837759226
48477,34588,12.264279952469064
48479,266852,8.629395130971472
48481,41121,59.756849604314105
48483,5405,77.45012469010175
48485,130063,11.434230504809207
48487,12810,83.22701948485559
48489,21462,38.10703400102507
48491,520692,9.55360917743887
48493,47464,19.628545679651946
48495,7642,75.0837861074326
48497,63850,19.98803784056382
48499,43377,18.41158743165733
48501,8423,67.72201693007241
48503,17992,94.50055634076256
48505,14069,86.45646463096169
48507,12041,145.81760980549788
49001,6341,39.642928821321554
49003,52050,17.052865969951966
49005,120149,9.259214215532381
49007,20082,89.84337324718652
49009,607,59.12838000000001
49011,335045,8.095244090557985
49013,19894,23.583454046245095
49015,10201,104.34691326036663
49017,4993,65.5016910092129
49019,9458,37.5328973303024
49021,48942,34.69747803757509
49023,10843,45.09590927483168
49025,7238,28.173045911715946
49027,12557,51.69319353149638
49029,11277,49.35337719038751
49031,1896,63.41972
49033,2319,115.815469
49035,1103789,5.557584886348749
49037,15098,93.54413600973638
49039,28999,20.9895789364116
49041,20792,26.975151399191997
49043,40111,23.451101676771952
49045,64112,15.327252882970427
49047,35848,27.980991840911628
49049,579151,8.135044904834835
49051,30135,24.71485245993031
49053,158573,15.52684444536586
49055,2663,149.614993
49057,243963,10.938180587687478
50001,36667,52.713979192134616
50003,35680,37.00299231723654
50005,30217,102.40192749405963
50007,160462,11.980980654728222
50009,6167,143.51132406194262
50011,48494,50.83826578704582
50013,6916,41.303132390977446
50015,25048,64.00443472971895
50017,28672,50.04822553397043
50019,26679,112.21007787248398
50021,58797,71.435702472235
50023,58025,66.11734100392934
50025,42843,38.06561610687861
50027,54832,39.79420475751386
51001,32181,25.825630623131662
51003,105076,13.238855422560812
51005,15121,80.24992413160506
51007,12722,35.45819028596134
51009,31597,68.20473128154572
51011,15404,102.93104587561673
51013,228680,4.424557452155851
51015,74085,19.43874633458865
51017,4359,58.173662
51019,77032,21.383219897964484
51021,6423,10.411316000000001
51023,33076,38.58148462317087
51025,16511,26.906780047180664
51027,22009,25.855712930210373
51029,16816,65.09070316710277
51031,54591,36.13728314110384
51033,29859,32.55983194554406
51035,29473,15.399578170020018
51036,6929,25.064997773993362
51037,12017,72.58053040600815
51041,335315,10.186557560198619
51043,14234,25.592857989953632
51045,5039,45.632211
51047,50001,37.60406334889302
51049,9676,59.75839090822653
51051,14777,6.168919047438587
51053,28049,26.214016226033014
51057,10906,63.194675777828714
51059,1129754,7.690446381708762
51061,68456,17.258602945264112
51063,15412,43.587233719958476
51065,26100,26.96328247494253
51067,55706,36.92152680002154
51069,84159,13.921928386126263
51071,16671,15.651019588087099
51073,36833,13.830565387179975
51075,22360,34.195890078398925
51077,15689,7.460772921154949
51079,19303,33.399551483655394
51081,11603,59.06769471886581
51083,34479,32.33506603457177
51085,103510,14.750795828393395
51087,321782,8.09638629900989
51089,51083,17.299744214689817
51091,2196,58.330456999999996
51093,36114,24.363596924101458
51095,73461,10.638025897483018
51097,6959,41.048903697082906
51099,25556,33.18472185694162
51101,16330,36.517217531659526
51103,10726,18.41825232239418
51105,23938,10.41958216484251
51107,380147,10.074746149915692
51109,34996,42.574187392044806
51111,12162,35.118447792632786
51113,13012,56.5863093023363
51115,8706,29.426497740179187
51117,30587,21.812254591918137
51119,10616,30.168968376224566
51121,96994,6.639818814369962
51125,14676,43.845824538293805
51127,20990,29.200001192424963
51131,11847,43.71922977158775
51133,12183,29.23107327308545
51135,15286,53.915231447533685
51137,35286,38.48495625335828
51139,23495,54.558631428814635
51141,17793,14.635767879390771
51143,61207,24.85208975141732
51145,28171,29.06319287969898
51147,22707,70.63461442238076
51149,37524,11.776577734436625
51153,450809,9.743753799611365
51155,33957,22.5172231620579
51157,7290,37.82545891303155
51159,8792,49.736271804595084
51161,92841,9.195269010760333
51163,22309,54.27625113460935
51165,78623,20.3117935310151
51167,27193,30.250571144154744
51169,21915,20.69496165448323
51171,42564,45.71587827744103
51173,30755,19.847734701674522
51175,17796,30.830053858114184
51177,129927,13.505744982536347
51179,142211,17.426019246408504
51181,6581,73.51663981476979
51183,11376,34.4665901613924
51185,41365,67.76697321223257
51187,38887,41.00931964957441
51191,53984,10.72572635845806
51193,17361,57.825616691722836
51195,38616,32.81710051144603
51197,28719,34.82978381684599
51199,66893,9.255553972104705
51510,154062,4.1675156676403
51520,16627,6.527034410116076
51530,6296,60.474337
51540,46589,2.730849105389684
51550,234426,9.242764307384846
51570,17404,12.274025006320386
51580,5534,92.66599995048789
51590,41188,4.2814107934835395
51595,5355,59.94787762651727
51600,23525,7.3521320248671636
51610,13895,5.226420593810723
51620,8102,18.69012651444088
51630,27831,3.557218710323021
51640,6560,3.138008707317073
51650,134159,6.511156512496366
51660,52709,5.481098461287446
51670,22108,3.483389579563959
51678,7076,57.306506000000006
51680,78905,37.45441755569356
51683,40826,3.4946756333708913
51685,16292,6.137386330653081
51690,12743,15.614002089382405
51700,177780,6.13051916406795
51710,242017,5.19481610191433
51720,3935,51.280596
51730,31424,7.879144492489816
51735,11984,11.403358866655543
51740,93874,4.83199558251486
51750,17543,10.411316000000001
51760,221078,4.202048789169434
51770,98132,6.7535688349977585
51775,25270,6.518203536683815
51790,24185,13.414159922348562
51800,87710,8.113133285018813
51810,444046,7.103481395625679
51820,21734,9.597823886537222
51830,14710,7.26735318511217
51840,27194,3.852050378612929
53001,19171,5.703469682645663
53003,22146,14.429606535175651
53005,191649,8.040186664876936
53007,75066,25.04557406756721
53009,73860,20.066142103100457
53011,460266,10.356099205644128
53013,3973,5.104147
53015,103793,13.819042889578299
53017,40860,14.91740636257954
53019,7481,41.305367161475736
53021,89253,11.922889214693063
53023,2191,10.756938
53025,93311,16.776863478925314
53027,71270,19.820221188143684
53029,80764,38.42978804946512
53031,30668,25.221581911960346
53033,2138336,7.033386407385462
53035,259484,27.250748398194112
53037,44425,25.087063712166575
53039,21273,27.32896900808537
53041,76235,21.163282468131438
53043,10352,20.289226131085783
53045,61986,19.903175991949794
53047,41161,24.2898655920896
53049,21066,20.876250490885788
53051,13136,29.82816346193666
53053,848536,9.36717442737727
53055,16397,11.84884377032384
53057,122859,11.654493730805232
53059,11573,43.944505769376995
53061,777187,11.463320897548469
53063,492075,9.67104505614185
53065,43841,27.001028898907414
53067,272020,11.907977721774134
53069,4183,55.419188
53071,59604,8.34678908786323
53073,214635,18.10397661368369
53075,48177,14.00810918075015
53077,245965,9.922498392576179
54001,16458,61.78820948523515
54003,111885,11.958289064941681
54005,22573,55.585544068710405
54007,14146,111.08426082659408
54009,22540,39.18577363371784
54011,94494,11.582908441001546
54013,7343,78.01480997793817
54015,8666,69.1206766545119
54017,8456,81.93423914285714
54019,43590,35.420088569717834
54021,8153,90.58491345541519
54023,11514,67.08973037719299
54025,34980,88.30763370403086
54027,23132,50.19547159925644
54029,29484,41.95572580236738
54031,13654,73.57225868727113
54033,67630,67.20934239229632
54035,28771,56.41660396162803
54037,55579,27.887885501268467
54039,183715,17.1885903191084
54041,16035,98.77512524795759
54043,20860,47.86892121217641
54045,33287,84.13977629888544
54047,19039,88.33782366253479
54049,55875,36.85310085542729
54051,31356,63.04103009111493
54053,26603,65.07438851689659
54055,59797,66.17606337672458
54057,26914,32.20049778260385
54059,24516,65.61274300766846
54061,104267,9.89713864452799
54063,13369,71.31455431573042
54065,17474,41.9179134429438
54067,25026,85.06021912207304
54069,42121,45.492557080743566
54071,6976,73.96716520398509
54073,7411,38.6310510222642
54075,8431,135.29797999952555
54077,33463,18.394985567671753
54079,56211,38.011171363274094
54081,75599,13.67453970893795
54083,28812,94.67574536314731
54085,9860,59.023418725152126
54087,14060,61.604351658108115
54089,12898,45.236295053961854
54091,16747,45.333134949841764
54093,6983,58.96027235228412
54095,8869,64.6268251382343
54097,24357,97.16101787617524
54099,40312,21.416221887477676
54101,8416,139.2125331290399
54103,15405,80.88139810899057
54105,5734,41.1794337295082
54107,84564,9.763282702308311
54109,21555,56.71857709357458
55001,19964,56.864578359046284
55003,15519,135.63667976712418
55005,44731,87.21830638657755
55007,14905,104.73958633706809
55009,256506,7.891721475848519
55011,13001,55.22579051226828
55013,15156,113.04478505430194
55015,49148,18.753790978066252
55017,62859,31.191815939388157
55019,33842,45.124597101737486
55021,56519,53.42010392397247
55023,16091,85.46716327195327
55025,523478,13.194089326726242
55027,86916,35.99311766324958
55029,27209,80.75039833084642
55031,42971,25.505124863861674
55033,44073,39.87489758736641
55035,101850,9.242389579548355
55037,4314,178.1287644255911
55039,101390,13.09601777301509
55041,8916,123.08051193831314
55043,51309,49.906286722758196
55045,36502,41.20644483907731
55047,18540,46.37135720264293
55049,23383,63.56230630090236
55051,5688,170.5318248284107
55053,20251,69.18971732847761
55055,83827,30.690242156930342
55057,26132,80.87878313309353
55059,166235,7.498031183601527
55061,20102,34.41463974803502
55063,116556,12.21424848118501
55065,16502,45.996691252333044
55067,18957,64.36038421316664
55069,27603,43.075653850958226
55071,78794,14.53036032204229
55073,133603,16.506727816725675
55075,40220,90.37310393669816
55077,15048,78.15168248531366
55078,4502,79.60487342647713
55079,942433,5.198280439512412
55081,44720,61.20928428150715
55083,37276,52.17608651317202
55085,35035,99.45288388734123
55087,182579,11.833722878501908
55089,87464,8.606193956656453
55091,7206,55.00220399555926
55093,41162,49.941815919318785
55095,42865,78.55699287024379
55097,70042,33.10395984016732
55099,13427,131.39703446473524
55101,192915,8.078666239748076
55103,17355,93.84922801169691
55105,160177,9.386271178733528
55107,14056,93.58084179588788
55109,86845,39.822347042259196
55111,62942,70.7358429115217
55113,16261,128.47903598265788
55115,40544,53.021639931925804
55117,114004,12.182048934046176
55119,20116,70.12417655319149
55121,29069,51.26340203120163
55123,30141,49.62160575332604
55125,21424,131.00708941280806
55127,102117,17.279985593554454
55129,15514,118.09130466037126
55131,133148,9.856897144268032
55133,394876,9.605602946416091
55135,50879,54.29649496361957
55137,23922,50.04242830871164
55139,168118,6.941880296672576
55141,72523,10.123364347145044
56001,37787,80.68664108201233
56003,11750,195.3445798388085
56005,47157,204.48840331753502
56007,15243,181.10707775562548
56009,13733,78.15985946930749
56011,7319,153.91823037341166
56013,39531,209.80885104963195
56015,13300,59.73214686007519
56017,4636,218.82511486151859
56019,8429,180.82362459710524
56021,96713,13.01676679048318
56023,18793,151.7612672222636
56025,79823,10.976892718614936
56027,2422,172.842749
56029,28804,172.4132701626163
56031,8582,109.29386300326263
56033,29845,224.23978592229855
56035,9951,192.98760580946637
56037,43376,176.7976208359692
56039,22760,66.23135314538665
56041,20250,141.72219298908644
56043,8058,233.94640385964254
56045,6959,135.96656922187097
